0x55bcc060c149, 4000, 0, 0
0x55bcc060c134, 4000, 0, 0
0x55bcc060c129, 4000, 0, 0, 0x55bcc060c146, 4000
0x55bcc060c146, 4000, 0, 0, 0x55bcc060c15b, 4000
0x55bcc060c15b, 4000, 0, 0, 0x55bcc060c186, 4000
0x55bcc060c186, 4000, 3996, 4
0x55bcc060c17c, 4000, 0, 0
0x7fbe938ab180, 1404, 1350, 54
0x7fbe938ab13e, 1350, 864, 486
0x7fbe938ab138, 1350, 0, 1350
0x7fbe9389f2ff, 1212, 0, 1212
0x7fbe9389f2f0, 1212, 0, 1212
0x7fbe9389f309, 1212, 1210, 2
0x7fbe9389d118, 1180, 1091, 89
0x7fbe938ab0b8, 664, 0, 664
0x7fbe938ab0cb, 664, 611, 53
0x7fbe938ab160, 508, 486, 22
0x7fbe938ab174, 486, 486, 0
0x7fbe938ab147, 486, 486, 0
0x7fbe938a5725, 286, 0, 0
0x7fbe9389c5db, 184, 0, 184
0x7fbe9389c57a, 184, 85, 99
0x7fbe9389c53a, 184, 0, 184
0x7fbe9389c530, 184, 0, 184
0x7fbe9389c5e4, 184, 184, 0
0x7fbe938b0600, 132, 9, 123
0x7fbe938b1a20, 124, 0, 0, 0x7fbe9389c45c, 78, 0x7fbe9389c395, 15, 0x7fbe938a3bdc, 13, 0x7fbe938a3ba9, 12, 0x7fbe938a4085, 2, 0x7fbe9389b517, 1, 0x7fbe938aa701, 1, 0x7fbe938aa722, 1, 0x7fbe93893ebc, 1
0x7fbe938b0615, 123, 2, 121
0x7fbe938b061a, 121, 115, 6
0x7fbe9389ee01, 101, 0, 101
0x7fbe9389ee48, 101, 0, 101
0x7fbe9389ee52, 101, 0, 101
0x7fbe9389ee5b, 101, 17, 84
0x7fbe9389c5b2, 101, 6, 95
0x7fbe9389edf0, 101, 0, 101
0x7fbe9389ef51, 98, 0, 0, 0x7fbe9389ef70, 81, 0x7fbe9389f170, 17
0x7fbe9389ef47, 98, 0, 98
0x7fbe9389c820, 98, 2, 96
0x7fbe9389c82d, 96, 37, 59
0x7fbe9389c5cd, 95, 95, 0
0x7fbe9389c5bf, 95, 0, 95
0x7fbe9389c5cd, 89, 89, 0
0x7fbe9389d1f1, 89, 6, 83
0x7fbe9389c5bf, 89, 0, 89
0x7fbe9389c4c0, 89, 0, 0
0x7fbe9389d1c3, 89, 0, 0
0x7fbe9389d18a, 89, 0, 0
0x7fbe9389d181, 89, 0, 89
0x7fbe9389d166, 89, 0, 89
0x7fbe9389d133, 89, 6, 83
0x7fbe9389ef70, 87, 84, 3
0x7fbe9389c7b0, 85, 0, 85
0x7fbe9389c7ca, 85, 0, 0
0x7fbe9389c82d, 85, 60, 25
0x7fbe9389c330, 84, 1, 83
0x7fbe9389d0d0, 84, 0, 84
0x7fbe9389ee7f, 84, 6, 78
0x7fbe9389d10a, 84, 84, 0
0x7fbe9389ee6b, 84, 0, 84
0x7fbe9389cfd4, 83, 0, 0
0x7fbe9389d1f9, 83, 0, 83
0x7fbe9389d253, 83, 0, 0, 0x7fbe9389ef24, 78, 0x7fbe93894bd3, 1, 0x7fbe93894c8e, 1, 0x7fbe938949a1, 1, 0x7fbe93894b17, 1, 0x7fbe93894a5b, 1
0x7fbe9389c360, 83, 0, 83
0x7fbe9389c381, 83, 64, 19
0x7fbe9389d242, 83, 0, 83
0x7fbe9389d233, 83, 1, 82
0x7fbe9389d219, 83, 0, 83
0x7fbe9389d20e, 83, 0, 83
0x7fbe9389d158, 83, 0, 83
0x7fbe9389d209, 83, 0, 83
0x7fbe9389c3e9, 83, 0, 0, 0x7fbe9389c88a, 83
0x7fbe9389c8a2, 83, 0, 0, 0x7fbe9389d1f1, 83
0x7fbe9389c88a, 83, 83, 0
0x7fbe9389c748, 83, 0, 83
0x7fbe9389c757, 83, 0, 83
0x7fbe9389c76b, 83, 9, 74
0x7fbe9389f5d8, 81, 81, 0
0x7fbe9389f4c4, 81, 81, 0
0x7fbe9389c45c, 78, 78, 0
0x7fbe9389ef24, 78, 78, 0
0x7fbe9389ee8c, 78, 7, 71
0x7fbe9389c450, 78, 0, 0
0x7fbe9389c77b, 74, 0, 74
0x7fbe9389c78b, 74, 0, 0
0x7fbe9389c783, 74, 0, 74
0x7fbe9389eef4, 71, 0, 0
0x7fbe9389eec5, 71, 0, 71
0x7fbe9389eea0, 71, 0, 71
0x7fbe9389ee96, 71, 0, 71
0x7fbe9389c39d, 64, 0, 64
0x7fbe9389c3aa, 64, 0, 64
0x7fbe9389c3b3, 64, 64, 0
0x7fbe9389c83b, 59, 0, 0
0x7fbe938ab18e, 54, 54, 0
0x7fbe938ab11b, 54, 7, 47
0x7fbe938ae3d8, 54, 1, 53
0x7fbe938ab089, 54, 1, 53
0x7fbe938ab0d8, 54, 0, 0
0x7fbe938ab0cb, 53, 52, 1
0x7fbe938ae3e5, 53, 47, 6
0x7fbe938ab096, 53, 0, 53
0x7fbe938ab0a6, 53, 0, 53
0x7fbe938ab0ae, 53, 0, 53
0x7fbe938ad747, 53, 52, 1
0x7fbe938ab0d0, 53, 0, 53
0x7fbe938a0a06, 47, 2, 45
0x7fbe938ab122, 47, 0, 47
0x7fbe938ab13e, 47, 47, 0
0x7fbe938a0a18, 45, 0, 45
0x7fbe938a0a22, 45, 45, 0
0x7fbe93893138, 41, 40, 1
0x7fbe93893128, 41, 0, 41
0x7fbe9389ec33, 39, 1, 38
0x7fbe9389ec86, 39, 0, 0, 0x7fbe8039b670, 2, 0x7fbe803b87e0, 2, 0x7fbe803b8ce0, 2, 0x7fbe803b8db0, 2, 0x7fbe8039bae0, 1, 0x7fbe8039c850, 1, 0x7fbe803a4bb0, 1, 0x7fbe8039b630, 1, 0x7fbe8039b820, 1, 0x7fbe8039b1d0, 1
0x7fbe9389ec80, 39, 0, 39
0x7fbe9389ec47, 38, 38, 0
0x7fbe9389ec3c, 38, 0, 38
0x7fbe938a43f8, 36, 3, 33
0x7fbe938a4278, 36, 33, 3
0x7fbe938a442f, 33, 33, 0
0x7fbe938aa5ae, 32, 1, 31
0x7fbe938b460e, 32, 31, 1
0x7fbe938aa5c4, 31, 7, 24
0x7fbe938aa5bb, 31, 0, 31
0x7fbe9389c83b, 25, 0, 0
0x7fbe938aa5cc, 24, 24, 0
0x7fbe938ab174, 22, 22, 0
0x7fbe938ab164, 22, 0, 22
0x7fbe9389874b, 19, 3, 16
0x7fbe9389873e, 19, 0, 19
0x7fbe9389c386, 19, 0, 0
0x7fbe93893f71, 19, 2, 17
0x7fbe938ad810, 19, 1, 18
0x7fbe938ae4a0, 18, 1, 17
0x7fbe803b8300, 18, 0, 18
0x7fbe803b8302, 18, 3, 15
0x7fbe938920a0, 18, 0, 0, 0x7fbe938ae4a0, 18
0x7fbe938ad81a, 18, 0, 0, 0x7fbe938ad840, 8, 0x7fbe938ad920, 1, 0x7fbe938ad828, 1, 0x7fbe938ada10, 1, 0x7fbe938ad948, 1, 0x7fbe938ada50, 1, 0x7fbe938ad9e8, 1, 0x7fbe938ad9c0, 1, 0x7fbe938ada70, 1, 0x7fbe938ada30, 1
0x7fbe9389f170, 17, 0, 17
0x7fbe9389f192, 17, 0, 0
0x7fbe9389f4c4, 17, 17, 0
0x7fbe9389f4b0, 17, 0, 17
0x7fbe938ae4e7, 17, 0, 0, 0x7fbe938a431d, 4, 0x7fbe9389e284, 2, 0x7fbe9389b0e9, 1, 0x7fbe93892c1f, 1, 0x7fbe938a0c4a, 1, 0x7fbe938a072f, 1, 0x7fbe938a56d0, 1, 0x7fbe938944e6, 1, 0x7fbe9389e5b8, 1, 0x7fbe938a1bdc, 1
0x7fbe9389ef80, 17, 17, 0
0x7fbe93893f77, 17, 17, 0
0x7fbe938ae4c4, 17, 1, 16
0x7fbe9389f17d, 17, 0, 17
0x7fbe93898751, 16, 0, 0
0x7fbe938ae4dc, 16, 0, 16
0x7fbe9389c395, 15, 0, 15
0x7fbe9389c39d, 15, 0, 15
0x7fbe9389c3aa, 15, 4, 11
0x7fbe803b8307, 15, 15, 0
0x7fbe9389e360, 15, 14, 1
0x7fbe938a3bdc, 15, 12, 3
0x7fbe93892e9f, 15, 2, 13
0x7fbe9389c3b3, 14, 14, 0
0x7fbe93897fb0, 13, 4, 9
0x7fbe93892ea5, 13, 13, 0
0x7fbe938b1a00, 12, 6, 6
0x7fbe938a3b90, 12, 0, 0
0x7fbe938a3bb6, 12, 12, 0
0x7fbe938a3bd1, 12, 0, 0
0x7fbe938a3bc8, 12, 9, 3
0x7fbe93893df4, 12, 4, 8
0x7fbe938a3ba9, 12, 0, 12
0x7fbe938b0660, 11, 1, 10
0x7fbe9389eef4, 11, 0, 0
0x7fbe9389eec5, 11, 0, 11
0x7fbe938b4580, 11, 5, 6
0x7fbe938b067a, 10, 5, 5
0x7fbe938941fb, 10, 3, 7
0x7fbe9389e4c8, 10, 9, 1
0x7fbe938ae5c0, 9, 9, 0
0x7fbe938b4390, 9, 3, 6
0x7fbe93893170, 9, 9, 0
0x7fbe938a3bf0, 9, 0, 0, 0x7fbe938a3ea8, 5, 0x7fbe9389b4e9, 4
0x7fbe938ae5e0, 9, 0, 0
0x7fbe9389c9c0, 9, 9, 0
0x7fbe9389c78b, 9, 0, 0
0x7fbe93898288, 9, 8, 1
0x7fbe93897fbb, 9, 0, 9
0x7fbe938b3e4a, 9, 3, 6
0x7fbe938b3e20, 9, 0, 9
0x7fbe9389ec3c, 9, 7, 2
0x7fbe93897fc3, 9, 0, 9
0x7fbe93897fcc, 9, 0, 0, 0x7fbe938981b0, 4, 0x7fbe93898564, 2, 0x7fbe93898592, 1, 0x7fbe938984a8, 1, 0x7fbe93898288, 1
0x7fbe938a1d39, 9, 5, 4
0x7fbe938920c0, 9, 0, 0, 0x7fbe938ae5c0, 9
0x7fbe9389317a, 9, 1, 8
0x7fbe93893260, 9, 0, 0
0x7fbe93893187, 8, 0, 8
0x7fbe938931ea, 8, 8, 0
0x7fbe938aa5ae, 8, 0, 8
0x7fbe938931e8, 8, 0, 8
0x7fbe938995a0, 8, 0, 8
0x7fbe938931de, 8, 0, 8
0x7fbe938aa5a0, 8, 0, 8
0x7fbe938aa5bb, 8, 0, 8
0x7fbe938aa5c4, 8, 0, 8
0x7fbe938931cd, 8, 0, 8
0x7fbe938931b0, 8, 0, 8
0x7fbe938ad840, 8, 8, 0
0x7fbe938995bc, 8, 6, 2
0x7fbe938aa5cc, 8, 8, 0
0x7fbe93893dff, 8, 0, 8
0x7fbe938931a9, 8, 0, 8
0x7fbe938b43b4, 8, 1, 7
0x7fbe93893e03, 8, 0, 8
0x7fbe938ab640, 8, 0, 0, 0x7fbe938aa74d, 1, 0x7fbe938a17c2, 1, 0x7fbe938adbe6, 1, 0x7fbe938adb9a, 1, 0x7fbe938adb7f, 1, 0x7fbe938adbd2, 1, 0x7fbe938adb64, 1, 0x7fbe938adb55, 1
0x7fbe93893e08, 8, 0, 0, 0x7fbe938947ab, 4, 0x7fbe938945cd, 2, 0x7fbe9389478a, 1, 0x7fbe9389471e, 1
0x7fbe938ab611, 8, 8, 0
0x7fbe938ab648, 8, 0, 0
0x7fbe938ab5e0, 8, 3, 5
0x7fbe93893e32, 7, 7, 0
0x7fbe93894201, 7, 7, 0
0x7fbe938b43b9, 7, 3, 4
0x7fbe9389f5b8, 7, 7, 0
0x7fbe938b0160, 7, 0, 7
0x7fbe938b016d, 7, 3, 4
0x7fbe938b0186, 7, 0, 7
0x7fbe938b018e, 7, 0, 0, 0x7fbe93898492, 3, 0x7fbe93898c23, 1, 0x7fbe93898326, 1, 0x7fbe938ae540, 1, 0x7fbe938a397d, 1
0x7fbe938ab100, 7, 0, 7
0x7fbe938ab104, 7, 0, 7
0x7fbe938ab118, 7, 0, 7
0x7fbe938b4380, 7, 0, 0
0x7fbe938ab122, 7, 0, 7
0x7fbe938ab13e, 7, 7, 0
0x7fbe938aa66f, 7, 0, 0, 0x7fbe938aa7b0, 6, 0x7fbe938aa80b, 1
0x7fbe9389ec30, 7, 0, 7
0x7fbe938b4397, 7, 5, 2
0x7fbe938a1cf0, 7, 6, 1
0x7fbe9389ec20, 7, 0, 7
0x7fbe93898728, 7, 1, 6
0x7fbe938a3f7b, 7, 3, 4
0x7fbe9389ec10, 7, 0, 7
0x7fbe938b0050, 6, 0, 0
0x7fbe938aa7a4, 6, 0, 0
0x7fbe938aa780, 6, 0, 6
0x7fbe938b005e, 6, 0, 6
0x7fbe938b3e5a, 6, 0, 0, 0x7fbe9389e25a, 2, 0x7fbe9389b73a, 1, 0x7fbe938a1eeb, 1, 0x7fbe938944da, 1, 0x7fbe938adc0b, 1
0x7fbe938b0066, 6, 0, 0, 0x7fbe93897bab, 2, 0x7fbe93899664, 2, 0x7fbe938985e8, 1, 0x7fbe938998c3, 1
0x7fbe938a1d46, 6, 3, 3
0x7fbe9389f844, 6, 3, 3
0x7fbe938b45a2, 6, 2, 4
0x7fbe938aa7b4, 6, 4, 2
0x7fbe938aa7b0, 6, 0, 6
0x7fbe9389fe4e, 6, 6, 0
0x7fbe93893f4a, 6, 1, 5
0x7fbe9389fe0e, 6, 0, 6
0x7fbe9389f830, 6, 6, 0
0x7fbe9389ef51, 6, 0, 0, 0x7fbe9389ef70, 6
0x7fbe9389ef47, 6, 0, 6
0x7fbe9389ef24, 6, 0, 6
0x7fbe9389d25c, 6, 0, 0, 0x7fbe9389ef24, 6
0x7fbe9389d3d6, 6, 0, 0
0x7fbe938b064c, 6, 2, 4
0x7fbe938ae3ea, 6, 6, 0
0x7fbe9389d345, 6, 6, 0
0x7fbe9389c8a0, 6, 0, 0, 0x7fbe9389d1f1, 6
0x7fbe9389d340, 6, 0, 6
0x7fbe9389d1fd, 6, 6, 0
0x7fbe938b0683, 6, 0, 0, 0x7fbe938b0c40, 2, 0x7fbe938b1640, 1, 0x7fbe938b1500, 1, 0x7fbe938b1140, 1, 0x7fbe938b0ec0, 1
0x7fbe938b43a3, 6, 0, 0, 0x7fbe938a0e81, 1, 0x7fbe938a0759, 1, 0x7fbe938aaa92, 1, 0x7fbe938aaa8a, 1, 0x7fbe938a076c, 1, 0x7fbe938944fd, 1
0x7fbe938b439d, 6, 0, 6
0x7fbe93898734, 6, 1, 5
0x7fbe938b1a12, 6, 0, 0, 0x7fbe9389c395, 4, 0x7fbe938a3bdc, 2
0x7fbe9389d1b0, 6, 6, 0
0x7fbe803b83b6, 5, 0, 5
0x7fbe938ab60a, 5, 5, 0
0x7fbe93892e78, 5, 1, 4
0x7fbe938a1d64, 5, 3, 2
0x7fbe9389eca5, 5, 3, 2
0x7fbe938a3e9d, 5, 0, 0
0x7fbe938a3e90, 5, 0, 5
0x7fbe938a3ea8, 5, 5, 0
0x7fbe803b83af, 5, 0, 5
0x7fbe938b1a05, 5, 3, 2
0x7fbe803b83c8, 5, 3, 2
0x7fbe938b4636, 5, 3, 2
0x7fbe9389ed60, 5, 2, 3
0x7fbe93893f5a, 5, 1, 4
0x7fbe938b462c, 5, 0, 5
0x7fbe9389874b, 5, 4, 1
0x7fbe938b067c, 5, 0, 0, 0x7fbe938b1780, 1, 0x7fbe938b0d80, 1, 0x7fbe938b18c0, 1, 0x7fbe938b1000, 1, 0x7fbe938b0ec0, 1
0x7fbe9389c480, 5, 5, 0
0x7fbe938a2e61, 4, 0, 4
0x7fbe938a2e67, 4, 0, 4
0x55bcc060c193, 4, 3, 1
0x7fbe938b0caa, 4, 3, 1
0x7fbe938a2e70, 4, 3, 1
0x7fbe938b0c70, 4, 0, 4
0x7fbe938b0c40, 4, 0, 4
0x7fbe9389b4ed, 4, 0, 4
0x55bcc060c18a, 4, 4, 0
0x7fbe938b43be, 4, 2, 2
0x55bcc060c173, 4, 0, 0
0x7fbe9389b4e9, 4, 0, 4
0x7fbe938b0179, 4, 0, 0
0x7fbe938b067a, 4, 1, 3
0x7fbe9389b4f7, 4, 2, 2
0x7fbe93893f71, 4, 4, 0
0x7fbe9389b4c0, 4, 1, 3
0x7fbe8031fbf7, 4, 1, 3
0x7fbe938981c8, 4, 0, 4
0x7fbe8031fbf3, 4, 0, 4
0x7fbe938981b0, 4, 0, 4
0x7fbe9389c395, 4, 0, 4
0x7fbe9389c39d, 4, 0, 4
0x7fbe9389c3aa, 4, 1, 3
0x7fbe9389b169, 4, 1, 3
0x7fbe938b45a8, 4, 0, 0, 0x7fbe9389b169, 4
0x7fbe938aa7d0, 4, 4, 0
0x7fbe938a4590, 4, 0, 0
0x7fbe938a3dd0, 4, 0, 4
0x7fbe938a3dfa, 4, 2, 2
0x7fbe9389e0b0, 4, 0, 4
0x7fbe9389e0c0, 4, 0, 4
0x7fbe93898440, 4, 1, 3
0x7fbe93894840, 4, 1, 3
0x7fbe93898600, 4, 1, 3
0x7fbe938a3f85, 4, 0, 4
0x7fbe938a3f91, 4, 4, 0
0x7fbe938a430c, 4, 0, 0
0x7fbe938a431d, 4, 0, 4
0x7fbe938a4330, 4, 2, 2
0x7fbe9389e0db, 4, 0, 0, 0x7fbe938989a1, 1, 0x7fbe93894492, 1, 0x7fbe938940c1, 1, 0x7fbe93892ffe, 1
0x7fbe938a43dc, 4, 1, 3
0x7fbe938a4299, 4, 0, 0, 0x7fbe938a459d, 4
0x7fbe938a459d, 4, 3, 1
0x7fbe938947ab, 4, 3, 1
0x7fbe938a1d46, 4, 1, 3
0x7fbe9389eea0, 4, 0, 4
0x7fbe93892e88, 4, 1, 3
0x7fbe938981e3, 4, 1, 3
0x7fbe9389ee96, 4, 0, 4
0x7fbe9389ee8c, 4, 0, 4
0x7fbe938941d4, 4, 1, 3
0x7fbe938a1850, 4, 1, 3
0x7fbe938a4438, 3, 3, 0
0x7fbe938a4432, 3, 0, 3
0x7fbe938a442f, 3, 3, 0
0x7fbe938a4294, 3, 3, 0
0x7fbe938a1861, 3, 2, 1
0x7fbe938a18b0, 3, 1, 2
0x7fbe938a427d, 3, 3, 0
0x7fbe8038ee38, 3, 1, 2
0x7fbe938947cf, 3, 0, 3
0x7fbe938947df, 3, 2, 1
0x7fbe938b43dc, 3, 0, 0, 0x7fbe938a1ccb, 2, 0x7fbe938a1cb2, 1
0x7fbe938a4570, 3, 3, 0
0x7fbe93892e9f, 3, 3, 0
0x7fbe93892cfe, 3, 2, 1
0x7fbe938a43ea, 3, 0, 0
0x7fbe938a1d64, 3, 3, 0
0x7fbe93892c5b, 3, 2, 1
0x7fbe8038eb80, 3, 1, 2
0x7fbe938a4370, 3, 2, 1
0x7fbe8038eb3e, 3, 3, 0
0x7fbe938a1d64, 3, 2, 1
0x7fbe93892160, 3, 0, 0, 0x7fbe93898a7e, 1, 0x7fbe93894512, 1, 0x7fbe93893d66, 1
0x7fbe938954e0, 3, 1, 2
0x7fbe8038ebf9, 3, 0, 0
0x7fbe938a1de0, 3, 2, 1
0x7fbe8038ebeb, 3, 0, 3
0x7fbe938a404b, 3, 2, 1
0x7fbe938a408d, 3, 0, 0
0x7fbe938a4085, 3, 0, 3
0x7fbe938a4070, 3, 0, 0
0x7fbe8038ebdd, 3, 0, 3
0x7fbe9389b175, 3, 0, 3
0x7fbe9389e193, 3, 1, 2
0x7fbe938a3f91, 3, 3, 0
0x7fbe938a3f85, 3, 0, 3
0x7fbe938a3f68, 3, 0, 3
0x7fbe938a3f5e, 3, 0, 3
0x7fbe9389b1ba, 3, 3, 0
0x7fbe9389b15b, 3, 0, 0
0x7fbe93892150, 3, 0, 0, 0x7fbe9389e193, 3
0x7fbe9389484c, 3, 2, 1
0x7fbe938a31f0, 3, 3, 0
0x7fbe9389e170, 3, 0, 0, 0x7fbe93892150, 3
0x7fbe938a3250, 3, 2, 1
0x7fbe9389e9f0, 3, 0, 3
0x7fbe938a0f00, 3, 0, 3
0x7fbe938a0f0e, 3, 1, 2
0x7fbe938a06dc, 3, 2, 1
0x7fbe938b3bf0, 3, 0, 3
0x7fbe9389ea22, 3, 0, 3
0x7fbe9389ea45, 3, 3, 0
0x7fbe938b3c17, 3, 1, 2
0x7fbe938a2f00, 3, 1, 2
0x7fbe938aa400, 3, 1, 2
0x7fbe938aa360, 3, 2, 1
0x7fbe9389ed10, 3, 2, 1
0x7fbe938a3be0, 3, 0, 0, 0x7fbe938a3ea8, 2, 0x7fbe9389b4e9, 1
0x7fbe938aa3be, 3, 1, 2
0x7fbe938aa510, 3, 3, 0
0x7fbe938a3bd1, 3, 0, 0
0x7fbe938b06a0, 3, 2, 1
0x7fbe938aa4bc, 3, 0, 0
0x7fbe938b067c, 3, 0, 0, 0x7fbe938b0c40, 2, 0x7fbe938b1500, 1
0x7fbe938aa38c, 3, 1, 2
0x7fbe938b464e, 3, 0, 0, 0x7fbe938aa331, 2, 0x7fbe938aa4cf, 1
0x7fbe938aa58a, 3, 3, 0
0x7fbe938aa580, 3, 0, 3
0x7fbe8031fbea, 3, 0, 0
0x7fbe9389e320, 3, 2, 1
0x7fbe9389e500, 3, 0, 0
0x7fbe9389ed87, 3, 3, 0
0x7fbe9389f2e0, 3, 1, 2
0x7fbe9389b4c9, 3, 0, 3
0x7fbe9389b4de, 3, 0, 0
0x7fbe8031fc08, 3, 2, 1
0x7fbe803b83d2, 3, 1, 2
0x7fbe803b83a5, 3, 0, 0
0x7fbe803b86b0, 3, 0, 0, 0x7fbe8031fba3, 1, 0x7fbe8031fb95, 1, 0x7fbe8031fb88, 1
0x7fbe803b86a0, 3, 0, 3
0x7fbe803b860f, 3, 3, 0
0x7fbe803b833f, 3, 0, 0, 0x7fbe803b860f, 3
0x7fbe803b843e, 3, 0, 0
0x7fbe938a07aa, 3, 2, 1
0x7fbe803b837e, 3, 1, 2
0x7fbe938a0706, 3, 2, 1
0x7fbe803b8377, 3, 0, 3
0x7fbe803b836e, 3, 0, 0
0x7fbe803b82b1, 3, 3, 0
0x7fbe803b82a7, 3, 0, 3
0x7fbe803b829e, 3, 0, 3
0x7fbe803b8307, 3, 3, 0
0x7fbe803b8302, 3, 0, 3
0x7fbe803b8300, 3, 0, 3
0x7fbe803b82e6, 3, 0, 3
0x7fbe803b82bc, 3, 3, 0
0x7fbe803b82b1, 3, 0, 3
0x7fbe803b82a7, 3, 0, 3
0x7fbe803b827d, 3, 0, 0
0x7fbe9389e290, 3, 0, 0
0x7fbe9389e284, 3, 0, 3
0x7fbe803b8248, 3, 0, 3
0x7fbe803b8240, 3, 0, 3
0x7fbe803b85ea, 3, 0, 0
0x7fbe803b85da, 3, 0, 3
0x7fbe803b85d3, 3, 0, 0
0x7fbe803b85a3, 3, 0, 0
0x7fbe803b8570, 3, 0, 3
0x7fbe938983a3, 3, 2, 1
0x7fbe93898492, 3, 3, 0
0x7fbe93898470, 3, 0, 0
0x7fbe9389845c, 3, 0, 3
0x7fbe938a2ca1, 3, 2, 1
0x7fbe938983c8, 3, 2, 1
0x7fbe938983b9, 3, 0, 3
0x7fbe93898608, 3, 2, 1
0x7fbe938a2b00, 3, 1, 2
0x7fbe9389edae, 3, 2, 1
0x7fbe9389ed9e, 3, 0, 3
0x7fbe9389ecf8, 3, 0, 0, 0x7fbe9389553a, 2, 0x7fbe93895c1e, 1
0x7fbe9389f7a9, 3, 3, 0
0x7fbe938b0243, 3, 0, 0, 0x7fbe9389f7a9, 3
0x7fbe938b023b, 3, 0, 3
0x7fbe938b0230, 3, 0, 0
0x7fbe938b01b0, 3, 3, 0
0x7fbe938b0179, 3, 0, 0
0x7fbe9389f799, 3, 0, 0
0x7fbe9389f770, 3, 0, 3
0x7fbe9389ebd4, 3, 2, 1
0x7fbe938b3e5e, 3, 0, 3
0x7fbe938b3ea2, 3, 0, 0, 0x7fbe9389e409, 1, 0x7fbe938b05d3, 1, 0x7fbe938aaa31, 1
0x7fbe9389ef3b, 3, 3, 0
0x7fbe93898243, 3, 3, 0
0x7fbe9389414f, 3, 3, 0
0x7fbe9389f84d, 3, 0, 0
0x7fbe9389e210, 3, 1, 2
0x7fbe93894130, 3, 1, 2
0x7fbe938941e4, 3, 1, 2
0x7fbe9389ef91, 3, 3, 0
0x7fbe93898080, 3, 1, 2
0x7fbe9389ee6b, 2, 0, 2
0x7fbe9389ee7f, 2, 0, 2
0x7fbe9389ee8c, 2, 0, 2
0x7fbe9389ee96, 2, 0, 2
0x7fbe9389eea0, 2, 0, 2
0x7fbe9389eec5, 2, 0, 2
0x7fbe93898099, 2, 2, 0
0x7fbe9389808e, 2, 0, 2
0x7fbe9389ee5b, 2, 0, 2
0x7fbe938a3280, 2, 0, 0, 0x7fbe938957a6, 1, 0x7fbe93897e04, 1
0x7fbe9389eef4, 2, 0, 0
0x7fbe93894142, 2, 1, 1
0x7fbe938a3214, 2, 2, 0
0x7fbe9389ce5c, 2, 0, 0
0x7fbe93894139, 2, 0, 2
0x7fbe938941fb, 2, 1, 1
0x7fbe93899810, 2, 1, 1
0x7fbe93899679, 2, 2, 0
0x7fbe93899664, 2, 0, 2
0x7fbe9389963b, 2, 0, 0
0x7fbe9389962d, 2, 0, 2
0x7fbe93894201, 2, 2, 0
0x7fbe938995f9, 2, 2, 0
0x7fbe938995ec, 2, 0, 2
0x7fbe938995db, 2, 0, 2
0x7fbe938995cb, 2, 0, 2
0x7fbe938995c1, 2, 0, 2
0x7fbe9389cb37, 2, 2, 0
0x7fbe9389e248, 2, 0, 0
0x7fbe93898564, 2, 0, 0
0x7fbe9389ecc1, 2, 0, 2
0x7fbe9389ecd2, 2, 0, 2
0x7fbe93897990, 2, 2, 0
0x7fbe93897ad0, 2, 2, 0
0x7fbe93897b48, 2, 2, 0
0x7fbe9389ec47, 2, 1, 1
0x7fbe8039c4d0, 2, 0, 2
0x7fbe938aa7b6, 2, 2, 0
0x7fbe8039c4d6, 2, 0, 2
0x7fbe8039c4db, 2, 0, 0, 0x7fbe9389ec93, 2
0x7fbe9389ec93, 2, 1, 1
0x7fbe803b8ce0, 2, 0, 0, 0x7fbe9389ec93, 2
0x7fbe9389ec93, 2, 2, 0
0x7fbe803b87e0, 2, 0, 0, 0x7fbe9389ec93, 2
0x7fbe9389ec93, 2, 2, 0
0x7fbe8039b670, 2, 0, 0, 0x7fbe9389ec93, 2
0x7fbe9389ec93, 2, 2, 0
0x7fbe803b8db0, 2, 2, 0
0x7fbe803b8e08, 2, 0, 0, 0x7fbe9389ec93, 2
0x7fbe9389ec93, 2, 2, 0
0x7fbe938afe33, 2, 0, 0, 0x7fbe93898960, 1, 0x7fbe938a3960, 1
0x7fbe938afe2b, 2, 0, 2
0x7fbe938afe20, 2, 0, 0
0x7fbe93897b7d, 2, 0, 2
0x7fbe93897b8b, 2, 0, 0
0x7fbe93897bab, 2, 0, 2
0x7fbe93897bb4, 2, 1, 1
0x7fbe93897b32, 2, 0, 0, 0x7fbe9389857c, 2
0x7fbe9389e3a1, 2, 1, 1
0x7fbe9389e36c, 2, 0, 2
0x7fbe938afd41, 2, 0, 0, 0x7fbe93898037, 1, 0x7fbe938a3941, 1
0x7fbe9389ee52, 2, 0, 2
0x7fbe9389e25a, 2, 0, 0
0x7fbe9389553a, 2, 1, 1
0x7fbe9389eb00, 2, 0, 2
0x7fbe9389eb21, 2, 0, 2
0x7fbe9389eb52, 2, 1, 1
0x7fbe9389ebaf, 2, 2, 0
0x7fbe9389857c, 2, 0, 2
0x7fbe93898584, 2, 0, 0
0x7fbe9389ece8, 2, 2, 0
0x7fbe938afd39, 2, 0, 2
0x7fbe938b1500, 2, 0, 2
0x7fbe938b1530, 2, 0, 2
0x7fbe938afd32, 2, 0, 0
0x7fbe938b156a, 2, 2, 0
0x7fbe9389ee48, 2, 0, 2
0x7fbe938a2b32, 2, 1, 1
0x7fbe938a2ba3, 2, 0, 0, 0x7fbe938a2ca1, 2
0x7fbe9389ee01, 2, 0, 2
0x7fbe938a2c80, 2, 0, 2
0x7fbe938a2c94, 2, 0, 0
0x7fbe938b45b3, 2, 2, 0
0x7fbe938b45cf, 2, 0, 2
0x7fbe938b460e, 2, 1, 1
0x7fbe9389edc6, 2, 0, 2
0x7fbe9389edae, 2, 0, 2
0x7fbe9389f31c, 2, 2, 0
0x7fbe9389f309, 2, 2, 0
0x7fbe938b43c3, 2, 0, 2
0x7fbe93898751, 2, 0, 0
0x7fbe9389e1b0, 2, 1, 1
0x7fbe9389b52f, 2, 0, 0, 0x7fbe938a0515, 2
0x7fbe938a0515, 2, 0, 0, 0x7fbe938aecba, 2
0x7fbe938aecba, 2, 0, 0, 0x7fbe938a0963, 2
0x7fbe938a0963, 2, 0, 2
0x7fbe938afd20, 2, 0, 2
0x7fbe938aff70, 2, 0, 0, 0x7fbe938993bb, 1, 0x7fbe938a391a, 1
0x7fbe938aff68, 2, 0, 2
0x7fbe938a0971, 2, 0, 2
0x7fbe938a0981, 2, 2, 0
0x7fbe938a099e, 2, 1, 1
0x7fbe938b43c5, 2, 0, 0, 0x7fbe9389e2c9, 2
0x7fbe9389e2c9, 2, 1, 1
0x7fbe9389f2ff, 2, 0, 2
0x7fbe938aff56, 2, 0, 0
0x7fbe938a077b, 2, 2, 0
0x7fbe803b838a, 2, 0, 2
0x7fbe938aff48, 2, 0, 2
0x7fbe803b83e5, 2, 2, 0
0x7fbe938a07a0, 2, 2, 0
0x7fbe938a143f, 2, 0, 0
0x7fbe938a078a, 2, 0, 0
0x7fbe938a06b4, 2, 2, 0
0x7fbe938a0c90, 2, 1, 1
0x7fbe803b8393, 2, 0, 0
0x7fbe803b83b6, 2, 2, 0
0x7fbe803b83a0, 2, 0, 2
0x7fbe803b83a5, 2, 0, 0
0x7fbe803b83cd, 2, 2, 0
0x7fbe938aa290, 2, 0, 2
0x7fbe938aa2bf, 2, 2, 0
0x7fbe803b83db, 2, 1, 1
0x7fbe803b8479, 2, 1, 1
0x7fbe938aa300, 2, 0, 2
0x7fbe938aff30, 2, 0, 2
0x7fbe9389b503, 2, 0, 0
0x7fbe938aa30d, 2, 0, 0
0x7fbe9389f2e9, 2, 0, 2
0x7fbe8031fc30, 2, 0, 0
0x7fbe9389eb8b, 2, 1, 1
0x7fbe9389eaa1, 2, 1, 1
0x7fbe938b463b, 2, 2, 0
0x7fbe938aa331, 2, 1, 1
0x7fbe938aa392, 2, 0, 2
0x7fbe938aa3b5, 2, 1, 1
0x7fbe938b4655, 2, 0, 0, 0x7fbe938aa4cf, 2
0x7fbe938aa3b5, 2, 2, 0
0x7fbe938aa4cf, 2, 0, 0
0x7fbe9389ea84, 2, 0, 2
0x7fbe938b1a12, 2, 0, 0, 0x7fbe938a4085, 1, 0x7fbe9389b517, 1
0x7fbe9389ea6d, 2, 0, 2
0x7fbe9389ea5e, 2, 0, 2
0x7fbe938aa3cb, 2, 0, 2
0x7fbe938aa3d1, 2, 0, 0
0x7fbe938aa3cb, 2, 2, 0
0x7fbe938aa408, 2, 2, 0
0x7fbe938aa3e1, 2, 0, 0, 0x7fbe938a2eda, 1, 0x7fbe938a0e91, 1
0x7fbe9389b4de, 2, 0, 0
0x7fbe9389b4c9, 2, 0, 2
0x7fbe9389b49c, 2, 2, 0
0x7fbe9389b485, 2, 0, 2
0x7fbe9389b460, 2, 0, 2
0x7fbe938a04e0, 2, 0, 0
0x7fbe938aecae, 2, 0, 0, 0x7fbe938a04e0, 2
0x7fbe938aeca3, 2, 0, 2
0x7fbe938b02f0, 2, 0, 0, 0x7fbe938aeca3, 2
0x7fbe938aec7c, 2, 0, 0
0x7fbe938aec50, 2, 0, 2
0x7fbe93892090, 2, 0, 0, 0x7fbe938aec50, 2
0x7fbe938a2f14, 2, 2, 0
0x7fbe938a2fc8, 2, 2, 0
0x7fbe938a2f8d, 2, 0, 2
0x7fbe938a0942, 2, 0, 0
0x7fbe938a0b58, 2, 0, 0
0x7fbe938a0864, 2, 2, 0
0x7fbe938b3c37, 2, 0, 0, 0x7fbe9389b58d, 1, 0x7fbe9389a7b9, 1
0x7fbe93895094, 2, 1, 1
0x7fbe9389e4e5, 2, 0, 0, 0x7fbe938940f8, 1, 0x7fbe93893d2f, 1
0x7fbe9389a7a0, 2, 0, 0
0x7fbe938a084d, 2, 0, 0
0x7fbe938a0816, 2, 0, 2
0x7fbe938a07d0, 2, 0, 2
0x7fbe938a3e27, 2, 0, 2
0x7fbe938a0f1b, 2, 1, 1
0x7fbe938a3e4f, 2, 2, 0
0x7fbe938a3e9d, 2, 0, 0
0x7fbe9389551b, 2, 0, 0
0x7fbe938a3ea8, 2, 0, 2
0x7fbe938a3eac, 2, 0, 2
0x7fbe938a3eb8, 2, 1, 1
0x7fbe9389e1a6, 2, 1, 1
0x7fbe938a2f94, 2, 0, 2
0x7fbe938a2fa2, 2, 1, 1
0x7fbe9389550a, 2, 0, 2
0x7fbe938a4098, 2, 2, 0
0x7fbe938a4252, 2, 1, 1
0x7fbe938ae220, 2, 0, 2
0x7fbe938ae231, 2, 1, 1
0x7fbe938a1d46, 2, 1, 1
0x7fbe938a1d28, 2, 0, 2
0x7fbe938a1d69, 2, 2, 0
0x7fbe938954ee, 2, 0, 2
0x7fbe938a4357, 2, 0, 0
0x7fbe938a43a9, 2, 2, 0
0x7fbe938a43d0, 2, 2, 0
0x7fbe938945cd, 2, 1, 1
0x7fbe938a3f51, 2, 0, 2
0x7fbe8038eb94, 2, 2, 0
0x7fbe938a1ccb, 2, 1, 1
0x7fbe938a42f3, 2, 2, 0
0x7fbe938a1c8e, 2, 1, 1
0x7fbe938a1c71, 2, 0, 0
0x7fbe938b43e9, 2, 0, 0, 0x7fbe938a1c71, 2
0x7fbe938b43a3, 2, 0, 0, 0x7fbe938a587f, 1, 0x7fbe9389e4c5, 1
0x7fbe938b439d, 2, 0, 2
0x7fbe938a4263, 2, 0, 0
0x7fbe8038ee50, 2, 0, 2
0x7fbe938a18cb, 2, 2, 0
0x7fbe938a3f41, 2, 0, 2
0x7fbe938a3f25, 2, 0, 2
0x7fbe8038ee58, 2, 2, 0
0x7fbe93897c10, 1, 0, 1
0x7fbe9389b837, 1, 0, 0
0x7fbe938a1861, 1, 1, 0
0x7fbe938a183e, 1, 0, 0
0x7fbe938a1866, 1, 0, 1
0x7fbe938a1874, 1, 0, 1
0x7fbe938a1880, 1, 0, 1
0x7fbe938a1891, 1, 0, 0
0x7fbe938a18cb, 1, 1, 0
0x7fbe803df110, 1, 0, 0
0x7fbe803429bb, 1, 0, 0
0x7fbe938a1826, 1, 0, 1
0x7fbe938a1816, 1, 0, 1
0x7fbe803429b2, 1, 0, 1
0x7fbe938a1e23, 1, 1, 0
0x7fbe8038efb3, 1, 0, 0, 0x7fbe803429b2, 1
0x7fbe8038ef9f, 1, 0, 1
0x7fbe938a1e5f, 1, 0, 1
0x7fbe938a1e6c, 1, 0, 1
0x7fbe938a1e8f, 1, 1, 0
0x7fbe938a1f70, 1, 0, 0
0x7fbe938a1eb0, 1, 0, 1
0x7fbe938a1ec5, 1, 0, 0
0x7fbe938a1eeb, 1, 1, 0
0x7fbe8038ef76, 1, 1, 0
0x7fbe938a1f9a, 1, 0, 0
0x7fbe938a1a2a, 1, 0, 1
0x7fbe938a1a33, 1, 0, 1
0x7fbe938a1a67, 1, 0, 1
0x7fbe938a1a79, 1, 0, 1
0x7fbe938a1aa6, 1, 1, 0
0x7fbe8038ef5b, 1, 0, 1
0x7fbe938a2076, 1, 0, 0
0x7fbe938a1b18, 1, 1, 0
0x7fbe8038ef48, 1, 0, 1
0x7fbe93892100, 1, 0, 0
0x7fbe938a204c, 1, 0, 1
0x7fbe938a2056, 1, 0, 0
0x7fbe938a1b9a, 1, 0, 0
0x7fbe938a1bdc, 1, 0, 1
0x7fbe938a1bf5, 1, 0, 1
0x7fbe938a1c27, 1, 0, 0
0x7fbe938a17fa, 1, 0, 1
0x7fbe938a17f0, 1, 0, 1
0x7fbe93892df0, 1, 0, 1
0x7fbe93892e43, 1, 0, 0
0x7fbe938a1804, 1, 1, 0
0x7fbe8038ee50, 1, 1, 0
0x7fbe938a17e9, 1, 1, 0
0x7fbe938a1c9d, 1, 0, 0
0x7fbe938a17c2, 1, 0, 1
0x7fbe938a1cb2, 1, 0, 1
0x7fbe938a1cbf, 1, 0, 0
0x7fbe938a1780, 1, 0, 0
0x7fbe938a1cd7, 1, 1, 0
0x7fbe8038ee14, 1, 0, 0
0x7fbe938a1c60, 1, 0, 0
0x7fbe938a1c88, 1, 1, 0
0x7fbe8038ede2, 1, 0, 1
0x7fbe8038edd2, 1, 0, 1
0x7fbe938a1cbf, 1, 0, 0
0x7fbe9389b050, 1, 0, 0
0x7fbe938a1d09, 1, 0, 1
0x7fbe938a1d15, 1, 0, 1
0x7fbe93894e62, 1, 0, 0
0x7fbe93894ce0, 1, 1, 0
0x7fbe8038edc0, 1, 0, 1
0x7fbe93894cd2, 1, 0, 1
0x7fbe93894cce, 1, 0, 1
0x7fbe938ae2a7, 1, 0, 0, 0x7fbe93894cce, 1
0x7fbe938ae29c, 1, 0, 1
0x7fbe938ae286, 1, 0, 1
0x7fbe8038efd8, 1, 0, 0
0x7fbe938ae247, 1, 0, 0
0x7fbe938ae236, 1, 0, 1
0x7fbe938a1d64, 1, 1, 0
0x7fbe938a1d69, 1, 0, 1
0x7fbe938a1d72, 1, 0, 1
0x7fbe938a1d98, 1, 0, 1
0x7fbe938a1dad, 1, 1, 0
0x7fbe8038ed89, 1, 1, 0
0x7fbe8038ec6e, 1, 0, 0, 0x7fbe8038ed89, 1
0x7fbe938a1da0, 1, 1, 0
0x7fbe8038ec5a, 1, 0, 1
0x7fbe8038ec2e, 1, 1, 0
0x7fbe938a1f80, 1, 0, 1
0x7fbe938a1f95, 1, 0, 0
0x7fbe938a1dc2, 1, 1, 0
0x7fbe8038ec13, 1, 0, 1
0x7fbe8038ec00, 1, 0, 1
0x7fbe938a1df5, 1, 0, 0, 0x7fbe9389b08a, 1
0x7fbe9389b08a, 1, 0, 0
0x7fbe9389b09b, 1, 0, 1
0x7fbe9389b0ab, 1, 0, 0
0x7fbe9389b0e9, 1, 0, 1
0x7fbe9389b0f8, 1, 0, 1
0x7fbe9389b15b, 1, 0, 0
0x7fbe93893070, 1, 1, 0
0x7fbe938ae231, 1, 1, 0
0x7fbe938ae217, 1, 0, 0
0x7fbe938ae1ff, 1, 0, 1
0x7fbe938ae1e0, 1, 0, 1
0x7fbe93894cb4, 1, 0, 0
0x7fbe93894cab, 1, 0, 1
0x7fbe9389b1d0, 1, 0, 1
0x7fbe9389b1f5, 1, 0, 1
0x7fbe9389b207, 1, 1, 0
0x7fbe9389b279, 1, 1, 0
0x7fbe93893090, 1, 1, 0
0x7fbe9389b302, 1, 0, 0
0x7fbe9389b251, 1, 1, 0
0x7fbe93893210, 1, 0, 1
0x7fbe8038eb94, 1, 1, 0
0x7fbe9389b25f, 1, 0, 0, 0x7fbe93894e6e, 1
0x7fbe93894e6e, 1, 0, 0
0x7fbe93894ca0, 1, 0, 1
0x7fbe8038eae1, 1, 0, 0
0x7fbe8038eaac, 1, 0, 1
0x7fbe93894c8e, 1, 0, 1
0x7fbe938a325e, 1, 1, 0
0x7fbe8038ea9c, 1, 0, 1
0x7fbe938a321f, 1, 0, 0, 0x7fbe93894e7c, 1
0x7fbe93894e7c, 1, 1, 0
0x7fbe8038ea8a, 1, 0, 1
0x7fbe8038ec80, 1, 0, 0
0x7fbe938951fe, 1, 0, 0
0x7fbe93894e98, 1, 1, 0
0x7fbe8038ea30, 1, 1, 0
0x7fbe8038ed60, 1, 0, 0
0x7fbe938951c7, 1, 0, 0
0x7fbe93894eda, 1, 0, 1
0x7fbe93894ee8, 1, 0, 1
0x7fbe93894ef6, 1, 0, 0
0x7fbe93894f42, 1, 1, 0
0x7fbe8034299d, 1, 0, 0, 0x7fbe8038ed60, 1
0x7fbe8034298a, 1, 0, 1
0x7fbe93894f2b, 1, 1, 0
0x7fbe8034297f, 1, 0, 1
0x7fbe80342968, 1, 0, 1
0x7fbe93895192, 1, 1, 0
0x7fbe80342801, 1, 0, 0
0x7fbe93894f55, 1, 0, 1
0x7fbe93894f6a, 1, 0, 1
0x7fbe93894f84, 1, 0, 0
0x7fbe938a5460, 1, 0, 1
0x7fbe938a546d, 1, 0, 0, 0x7fbe93894f89, 1
0x7fbe93894f89, 1, 0, 1
0x7fbe93894f9c, 1, 1, 0
0x7fbe803427f5, 1, 0, 1
0x7fbe93894fbe, 1, 0, 0
0x7fbe938a31e0, 1, 0, 0, 0x7fbe93894fd1, 1
0x7fbe93894fd1, 1, 0, 1
0x7fbe93894fe0, 1, 0, 1
0x7fbe93894ff1, 1, 0, 1
0x7fbe93895002, 1, 0, 1
0x7fbe93895010, 1, 0, 0
0x7fbe938afdf0, 1, 0, 0
0x7fbe938afdfb, 1, 1, 0
0x7fbe803427e0, 1, 0, 1
0x7fbe938afe08, 1, 0, 0, 0x7fbe93895021, 1
0x7fbe93895021, 1, 0, 1
0x7fbe93895029, 1, 0, 1
0x7fbe9389503c, 1, 0, 0
0x7fbe938a0520, 1, 1, 0
0x7fbe8034295f, 1, 0, 0
0x7fbe80342953, 1, 0, 1
0x7fbe938a0590, 1, 1, 0
0x7fbe80342940, 1, 1, 0
0x7fbe8034283c, 1, 1, 0
0x7fbe938a10e8, 1, 0, 0
0x7fbe938a05a1, 1, 1, 0
0x7fbe8034282f, 1, 0, 1
0x7fbe8034281a, 1, 0, 1
0x7fbe938a1162, 1, 0, 0
0x7fbe938a0665, 1, 1, 0
0x7fbe803428a7, 1, 0, 0
0x7fbe938a3072, 1, 0, 0, 0x7fbe803428a7, 1
0x7fbe938a3065, 1, 0, 1
0x7fbe938b0f70, 1, 1, 0
0x7fbe938b0f62, 1, 0, 1
0x7fbe938b0f2a, 1, 0, 1
0x7fbe938a06e7, 1, 0, 1
0x7fbe938a06f5, 1, 0, 1
0x7fbe938b0ef0, 1, 0, 1
0x7fbe938b0ec0, 1, 0, 1
0x7fbe938a3057, 1, 0, 1
0x7fbe9389d10a, 1, 1, 0
0x7fbe9389d0d0, 1, 0, 1
0x7fbe93894c18, 1, 0, 0, 0x7fbe9389d0d0, 1
0x7fbe93894bfa, 1, 0, 1
0x7fbe9389a7b9, 1, 0, 1
0x7fbe9389a7be, 1, 0, 0, 0x7fbe938a0864, 1
0x7fbe93894bf1, 1, 0, 1
0x7fbe938a3050, 1, 0, 1
0x7fbe938a2db5, 1, 1, 0
0x7fbe93894be6, 1, 0, 1
0x7fbe93894bd3, 1, 0, 1
0x7fbe938b0f2a, 1, 1, 0
0x7fbe938b0ef0, 1, 0, 1
0x7fbe938b0ec0, 1, 0, 1
0x7fbe938a2fb8, 1, 0, 0
0x7fbe9389d10a, 1, 1, 0
0x7fbe9389d0d0, 1, 0, 1
0x7fbe93894b5d, 1, 0, 0, 0x7fbe9389d0d0, 1
0x7fbe93894b3f, 1, 0, 1
0x7fbe93894b36, 1, 0, 1
0x7fbe93894b2b, 1, 0, 1
0x7fbe93894b17, 1, 0, 1
0x7fbe93893220, 1, 0, 0
0x7fbe9389d10a, 1, 1, 0
0x7fbe9389d0d0, 1, 0, 1
0x7fbe93894aa1, 1, 0, 0, 0x7fbe9389d0d0, 1
0x7fbe93892ea9, 1, 1, 0
0x7fbe93894a83, 1, 0, 1
0x7fbe93894a7a, 1, 0, 1
0x7fbe93894a6f, 1, 0, 1
0x7fbe93894a5b, 1, 0, 1
0x7fbe938a2fa2, 1, 1, 0
0x7fbe938b06c7, 1, 1, 0
0x7fbe93892eb6, 1, 0, 1
0x7fbe9389d10a, 1, 1, 0
0x7fbe9389d0d0, 1, 0, 1
0x7fbe938949e5, 1, 0, 0, 0x7fbe9389d0d0, 1
0x7fbe938949c7, 1, 0, 1
0x7fbe938949be, 1, 0, 1
0x7fbe938949b3, 1, 0, 1
0x7fbe9389b517, 1, 1, 0
0x7fbe93892ebf, 1, 0, 1
0x7fbe938b1000, 1, 1, 0
0x7fbe938a2fa2, 1, 1, 0
0x7fbe938a2f94, 1, 0, 1
0x7fbe9389b517, 1, 1, 0
0x7fbe938a2f8d, 1, 0, 1
0x7fbe9389b548, 1, 0, 1
0x7fbe9389b562, 1, 0, 1
0x7fbe9389b57b, 1, 0, 0
0x7fbe9389b58d, 1, 1, 0
0x55bcc060c228, 1, 0, 0, 0x7fbe938a2f8d, 1
0x7fbe938a2f84, 1, 0, 0, 0x55bcc060c228, 1
0x7fbe9389b732, 1, 0, 0
0x7fbe9389b73a, 1, 0, 1
0x7fbe9389b750, 1, 0, 1
0x7fbe9389b759, 1, 1, 0
0x7fbe9389b841, 1, 0, 0
0x7fbe9389b8c2, 1, 1, 0
0x7fbe938a2f78, 1, 0, 1
0x7fbe938a2f6b, 1, 0, 1
0x7fbe9389b8b1, 1, 1, 0
0x55bcc060c10c, 1, 0, 0, 0x7fbe938a2f6b, 1
0x55bcc060c098, 1, 0, 0, 0x55bcc060c10c, 1
0x7fbe9389bbac, 1, 0, 1
0x7fbe9389bbc1, 1, 0, 1
0x7fbe9389bbcb, 1, 0, 1
0x7fbe9389bbdd, 1, 1, 0
0x55bcc060c070, 1, 1, 0
0x55bcc060c107, 1, 0, 0
0x7fbe9389bc44, 1, 1, 0
0x7fbe8034308b, 1, 0, 0, 0x55bcc060c107, 1
0x7fbe8034307b, 1, 0, 1
0x7fbe9389b954, 1, 1, 0
0x7fbe803909f7, 1, 0, 0, 0x7fbe8034307b, 1
0x7fbe803909eb, 1, 0, 1
0x7fbe9389b7b3, 1, 1, 0
0x7fbe80390918, 1, 1, 0
0x7fbe80390900, 1, 0, 1
0x7fbe9389b95d, 1, 0, 1
0x7fbe9389b972, 1, 0, 1
0x7fbe9389b982, 1, 0, 0
0x7fbe938aa680, 1, 0, 1
0x7fbe938aa6a5, 1, 1, 0
0x7fbe80343073, 1, 0, 0
0x7fbe938aab50, 1, 0, 0
0x7fbe938a38f0, 1, 0, 0
0x7fbe938949a1, 1, 0, 1
0x7fbe8034306e, 1, 0, 1
0x7fbe80343066, 1, 0, 1
0x7fbe80343028, 1, 1, 0
0x7fbe938b0cf0, 1, 1, 0
0x7fbe938a391a, 1, 1, 0
0x7fbe8034301c, 1, 0, 1
0x7fbe938a3930, 1, 0, 0
0x7fbe938b0ce2, 1, 0, 1
0x7fbe80343010, 1, 0, 1
0x7fbe80342f76, 1, 0, 0
0x7fbe80342f60, 1, 0, 1
0x7fbe938a3941, 1, 0, 1
0x7fbe938a3945, 1, 1, 0
0x7fbe80342f3c, 1, 0, 1
0x7fbe938a3968, 1, 0, 0
0x7fbe9389d10a, 1, 1, 0
0x7fbe9389d0d0, 1, 0, 1
0x7fbe9389491a, 1, 0, 0, 0x7fbe9389d0d0, 1
0x7fbe93894527, 1, 0, 0
0x7fbe80342f10, 1, 0, 1
0x55bcc060c030, 1, 0, 0, 0x7fbe80342f10, 1
0x7fbe9389451d, 1, 0, 1
0x7fbe93894512, 1, 0, 1
0x7fbe938944fd, 1, 0, 0
0x7fbe938a397d, 1, 0, 0
0x7fbe938a3959, 1, 0, 0
0x7fbe938944f2, 1, 0, 0
0x7fbe938944e6, 1, 0, 1
0x7fbe938944da, 1, 0, 0
0x7fbe938a3960, 1, 0, 0
0x7fbe938a391e, 1, 0, 0, 0x7fbe938aab68, 1
0x7fbe938aab68, 1, 0, 1
0x7fbe938aab75, 1, 0, 1
0x7fbe938aab82, 1, 0, 1
0x7fbe938aaba2, 1, 0, 1
0x7fbe938aabac, 1, 0, 1
0x7fbe938aabb9, 1, 1, 0
0x7fbe938aaec8, 1, 0, 0
0x7fbe938aa6c6, 1, 0, 1
0x7fbe938aa6df, 1, 0, 1
0x7fbe938aa6f2, 1, 0, 0
0x7fbe938aa701, 1, 0, 1
0x7fbe938aa713, 1, 0, 0
0x7fbe938aa722, 1, 0, 0
0x7fbe938aa74d, 1, 0, 1
0x7fbe938aa77a, 1, 0, 1
0x7fbe938aa7a4, 1, 0, 0
0x7fbe938944c6, 1, 0, 0
0x7fbe93894492, 1, 0, 1
0x7fbe9389448a, 1, 0, 0
0x55bcc060c0fb, 1, 0, 0
0x7fbe93894475, 1, 1, 0
0x55bcc060c0ed, 1, 0, 1
0x55bcc060c0e0, 1, 0, 1
0x7fbe9389443e, 1, 1, 0
0x7fbe93894435, 1, 0, 1
0x7fbe93894422, 1, 1, 0
0x7fbe938a2f63, 1, 0, 0, 0x55bcc060c0e0, 1
0x7fbe93894412, 1, 0, 1
0x7fbe93894406, 1, 0, 1
0x7fbe938a2f3b, 1, 0, 1
0x7fbe938a2f2e, 1, 0, 1
0x7fbe938943ed, 1, 1, 0
0x7fbe938a2f14, 1, 0, 1
0x7fbe938943b7, 1, 1, 0
0x7fbe93894386, 1, 0, 1
0x7fbe938aa5f0, 1, 0, 1
0x7fbe938aa5f5, 1, 1, 0
0x7fbe938a2ef0, 1, 0, 1
0x7fbe938aa62e, 1, 1, 0
0x7fbe938a2ee7, 1, 0, 1
0x7fbe93892160, 1, 0, 0, 0x7fbe938a2ee7, 1
0x7fbe938aa65a, 1, 1, 0
0x7fbe938a2eda, 1, 0, 0, 0x7fbe93892160, 1
0x7fbe938aa5aa, 1, 1, 0
0x7fbe938aa4cf, 1, 0, 0
0x7fbe93892ecb, 1, 0, 1
0x7fbe938aa5e0, 1, 0, 0, 0x7fbe938aa7b0, 1
0x7fbe938aa7b0, 1, 1, 0
0x7fbe93892edb, 1, 0, 1
0x7fbe938aa3a2, 1, 1, 0
0x7fbe938aa7e0, 1, 0, 0
0x7fbe938aa81a, 1, 1, 0
0x7fbe93892eeb, 1, 0, 1
0x7fbe93892efb, 1, 0, 1
0x7fbe938aa7f0, 1, 0, 1
0x7fbe938aa7ff, 1, 0, 0
0x7fbe938aa80b, 1, 1, 0
0x7fbe93892f0b, 1, 0, 1
0x7fbe93892f1b, 1, 0, 1
0x7fbe938aa81f, 1, 1, 0
0x7fbe93892f2b, 1, 0, 1
0x7fbe93892f3b, 1, 0, 1
0x7fbe938aace0, 1, 1, 0
0x7fbe93892f4b, 1, 0, 1
0x7fbe938aa9a1, 1, 1, 0
0x7fbe93892f56, 1, 0, 1
0x7fbe93892f62, 1, 0, 1
0x7fbe938aa9c7, 1, 0, 1
0x7fbe938aa9d0, 1, 0, 1
0x7fbe938aa9d9, 1, 0, 1
0x7fbe938aa9e3, 1, 0, 1
0x7fbe938aa9ec, 1, 1, 0
0x7fbe938a2ece, 1, 0, 0
0x7fbe938aaa01, 1, 0, 1
0x7fbe938aaa1d, 1, 0, 1
0x7fbe938aaa26, 1, 0, 0
0x7fbe9389437a, 1, 0, 1
0x7fbe938a3030, 1, 0, 0
0x7fbe938aaa31, 1, 1, 0
0x7fbe938a2ea6, 1, 1, 0
0x7fbe938a2e9e, 1, 0, 1
0x7fbe938aaa63, 1, 1, 0
0x7fbe938a2e93, 1, 0, 1
0x7fbe938aab40, 1, 0, 0
0x7fbe938aaa75, 1, 0, 0
0x7fbe938aaa8a, 1, 0, 0
0x7fbe938b05c0, 1, 0, 0
0x7fbe938b05d3, 1, 0, 0
0x7fbe938b05df, 1, 0, 1
0x7fbe938b05e4, 1, 0, 0
0x7fbe938aaa92, 1, 0, 0, 0x7fbe9389b98a, 1
0x7fbe9389b98a, 1, 0, 1
0x7fbe9389b996, 1, 0, 1
0x7fbe9389b99f, 1, 0, 1
0x7fbe9389b9ae, 1, 0, 0
0x7fbe93899380, 1, 1, 0
0x7fbe93892f74, 1, 1, 0
0x7fbe93892f8e, 1, 1, 0
0x7fbe938993ac, 1, 0, 0
0x7fbe938993bb, 1, 0, 1
0x7fbe938993c7, 1, 0, 0
0x7fbe938b0020, 1, 0, 0
0x7fbe938b0028, 1, 0, 1
0x7fbe938b0030, 1, 0, 0, 0x7fbe938993fa, 1
0x7fbe938993fa, 1, 0, 1
0x7fbe93899403, 1, 0, 1
0x7fbe93899412, 1, 0, 1
0x7fbe9389941c, 1, 1, 0
0x7fbe938a2e44, 1, 0, 0
0x7fbe938a2e36, 1, 0, 1
0x7fbe938997a0, 1, 1, 0
0x7fbe938a2df3, 1, 1, 0
0x7fbe93899430, 1, 0, 1
0x7fbe9389943d, 1, 1, 0
0x7fbe938a2dde, 1, 0, 1
0x7fbe93899500, 1, 0, 1
0x7fbe93899512, 1, 0, 1
0x7fbe93899523, 1, 0, 1
0x7fbe93899530, 1, 0, 1
0x7fbe9389953c, 1, 0, 1
0x7fbe9389954e, 1, 0, 1
0x7fbe9389955a, 1, 1, 0
0x7fbe938a2dd7, 1, 0, 1
0x7fbe93892150, 1, 0, 0, 0x7fbe938a2dd7, 1
0x7fbe93899860, 1, 1, 0
0x7fbe938a2dca, 1, 0, 0, 0x7fbe93892150, 1
0x7fbe938a2d86, 1, 0, 0
0x7fbe93899894, 1, 0, 1
0x7fbe938998a2, 1, 0, 0
0x7fbe938a2d60, 1, 0, 1
0x7fbe93894346, 1, 1, 0
0x7fbe938942ea, 1, 1, 0
0x7fbe938998c3, 1, 0, 1
0x7fbe938998d0, 1, 0, 0
0x7fbe9389958a, 1, 0, 1
0x7fbe93899596, 1, 0, 0
0x7fbe938995bc, 1, 1, 0
0x7fbe80342886, 1, 0, 0, 0x7fbe938a2d60, 1
0x7fbe80342880, 1, 0, 1
0x7fbe938942b3, 1, 0, 1
0x7fbe938942aa, 1, 0, 1
0x7fbe93894228, 1, 1, 0
0x7fbe9389421b, 1, 0, 1
0x7fbe93894212, 1, 0, 1
0x7fbe80342868, 1, 0, 1
0x7fbe80342849, 1, 0, 1
0x7fbe8034283c, 1, 0, 1
0x7fbe803427f5, 1, 1, 0
0x7fbe93894d5b, 1, 0, 0
0x7fbe93894d4b, 1, 0, 1
0x7fbe93894d3b, 1, 0, 1
0x7fbe803427d3, 1, 0, 1
0x7fbe80342a0d, 1, 0, 0
0x7fbe938948ce, 1, 1, 0
0x7fbe9389983d, 1, 0, 0
0x7fbe93899850, 1, 0, 0
0x7fbe93899680, 1, 0, 1
0x7fbe9389969a, 1, 0, 1
0x7fbe938996a3, 1, 0, 1
0x7fbe938996af, 1, 1, 0
0x7fbe803432dd, 1, 0, 0, 0x7fbe80342a0d, 1
0x7fbe80343280, 1, 1, 0
0x7fbe93899800, 1, 0, 0
0x7fbe93892080, 1, 0, 0, 0x7fbe938ae600, 1
0x7fbe938ae600, 1, 0, 1
0x7fbe938ae610, 1, 0, 0, 0x7fbe93899808, 1
0x7fbe93899808, 1, 0, 0
0x7fbe938994e6, 1, 0, 0, 0x7fbe9389b9cd, 1
0x7fbe9389b9cd, 1, 0, 1
0x7fbe9389b9dd, 1, 0, 0
0x7fbe9389b812, 1, 0, 1
0x7fbe9389b81f, 1, 0, 1
0x7fbe938b17b0, 1, 0, 1
0x7fbe9389b5ea, 1, 0, 0
0x7fbe93897dc0, 1, 0, 0
0x7fbe80342a08, 1, 0, 0
0x7fbe803427b0, 1, 1, 0
0x7fbe938941b5, 1, 0, 0
0x7fbe93897e04, 1, 1, 0
0x7fbe80342a40, 1, 0, 0
0x7fbe80320083, 1, 0, 0
0x7fbe93898020, 1, 0, 0
0x7fbe93898037, 1, 0, 1
0x7fbe9389803f, 1, 1, 0
0x55bcc060c19d, 1, 0, 0, 0x7fbe80320083, 1
0x7fbe9389808e, 1, 0, 1
0x7fbe93898099, 1, 1, 0
0x7fbe93892fa8, 1, 0, 1
0x7fbe938941a9, 1, 0, 1
0x7fbe9389417b, 1, 0, 1
0x7fbe93894156, 1, 1, 0
0x7fbe93898128, 1, 1, 0
0x7fbe93892fb6, 1, 0, 1
0x7fbe93892fc4, 1, 1, 0
0x7fbe93897e35, 1, 0, 1
0x7fbe93897e47, 1, 0, 1
0x7fbe93897e54, 1, 0, 1
0x7fbe93897e66, 1, 0, 1
0x7fbe93897e6f, 1, 0, 0
0x7fbe938ae500, 1, 1, 0
0x7fbe938930b0, 1, 0, 1
0x7fbe938930b9, 1, 0, 1
0x7fbe938ae520, 1, 0, 0
0x7fbe938ae540, 1, 0, 1
0x7fbe938ae549, 1, 0, 1
0x7fbe938ae552, 1, 0, 0
0x7fbe938b43cb, 1, 0, 0, 0x7fbe9389e2c9, 1
0x7fbe9389e2c9, 1, 0, 1
0x7fbe9389e2ea, 1, 1, 0
0x7fbe938930de, 1, 0, 1
0x7fbe9389e2f3, 1, 1, 0
0x7fbe938930ef, 1, 0, 1
0x7fbe93893125, 1, 0, 1
0x7fbe9389e3d0, 1, 1, 0
0x55bcc060c197, 1, 1, 0
0x55bcc060c15e, 1, 0, 0
0x7fbe9389e590, 1, 0, 0
0x7fbe9389e513, 1, 1, 0
0x7fbe8032003f, 1, 0, 0, 0x55bcc060c15e, 1
0x7fbe80320037, 1, 0, 1
0x7fbe9389e3e1, 1, 0, 1
0x7fbe9389e3fd, 1, 0, 0
0x7fbe9389e409, 1, 0, 1
0x7fbe9389e423, 1, 0, 0
0x7fbe9389e5b0, 1, 0, 0
0x7fbe9389e5b8, 1, 0, 1
0x7fbe9389e5c0, 1, 0, 0
0x7fbe9389e4b6, 1, 0, 0
0x7fbe9389e4c5, 1, 1, 0
0x7fbe8033ec3c, 1, 0, 0, 0x7fbe80320037, 1
0x7fbe9389414f, 1, 0, 1
0x7fbe9389e4d4, 1, 0, 0, 0x7fbe93897e97, 1
0x7fbe93897e97, 1, 0, 1
0x7fbe93897ea3, 1, 1, 0
0x7fbe8033ec30, 1, 0, 1
0x7fbe938980f0, 1, 1, 0
0x7fbe8033ec1e, 1, 0, 0
0x7fbe938985bc, 1, 1, 0
0x7fbe8033ebb0, 1, 1, 0
0x7fbe93898c39, 1, 0, 0
0x7fbe938985ce, 1, 0, 0
0x7fbe938985e8, 1, 1, 0
0x7fbe8033ec80, 1, 0, 0
0x7fbe93897ef3, 1, 1, 0
0x7fbe8032002d, 1, 0, 0
0x7fbe80320025, 1, 0, 1
0x7fbe93897f38, 1, 0, 1
0x7fbe93897f46, 1, 0, 1
0x7fbe93897f82, 1, 0, 1
0x7fbe93897fbb, 1, 0, 1
0x7fbe93897fc3, 1, 0, 1
0x7fbe93897fcc, 1, 0, 0, 0x7fbe93898553, 1
0x7fbe93898553, 1, 0, 0
0x7fbe93894142, 1, 0, 1
0x7fbe938982a4, 1, 0, 1
0x7fbe938982ad, 1, 0, 1
0x7fbe938948c2, 1, 0, 0
0x7fbe938948b5, 1, 0, 1
0x7fbe938948a4, 1, 0, 1
0x7fbe93894893, 1, 0, 1
0x7fbe93898288, 1, 1, 0
0x7fbe80320010, 1, 0, 1
0x55bcc060c206, 1, 0, 0, 0x7fbe80320010, 1
0x7fbe93894888, 1, 0, 1
0x55bcc060c1fd, 1, 0, 1
0x55bcc060c0d8, 1, 0, 0, 0x55bcc060c1fd, 1
0x7fbe9389825f, 1, 1, 0
0x55bcc060c0a0, 1, 1, 0
0x55bcc060c120, 1, 0, 0
0x55bcc060c1e7, 1, 0, 0, 0x55bcc060c120, 1
0x55bcc060c1e1, 1, 0, 1
0x55bcc060c016, 1, 0, 0, 0x55bcc060c1e1, 1
0x7fbe93898592, 1, 0, 1
0x7fbe9389859d, 1, 0, 0
0x7fbe93894104, 1, 1, 0
0x7fbe938940f8, 1, 0, 1
0x55bcc060c000, 1, 1, 0
0x55bcc060c1b0, 1, 0, 0
0x7fbe8031fffb, 1, 0, 0, 0x55bcc060c1b0, 1
0x7fbe8031fff6, 1, 0, 1
0x7fbe9389e3de, 1, 1, 0
0x7fbe8031ffe4, 1, 0, 1
0x7fbe80342e67, 1, 0, 0, 0x7fbe8031ffe4, 1
0x7fbe9389e5a0, 1, 0, 0
0x7fbe80342e30, 1, 0, 1
0x7fbe9389e522, 1, 1, 0
0x7fbe9389e510, 1, 0, 1
0x7fbe93897bc2, 1, 0, 1
0x7fbe93897bcd, 1, 1, 0
0x7fbe80342e27, 1, 0, 1
0x7fbe938979e6, 1, 0, 0
0x7fbe93897a24, 1, 0, 1
0x7fbe93897a2b, 1, 0, 1
0x7fbe93897a31, 1, 0, 1
0x7fbe93897a3a, 1, 0, 1
0x7fbe93897a4b, 1, 0, 1
0x7fbe93897a64, 1, 0, 1
0x7fbe93897a6e, 1, 0, 0
0x7fbe93897ac2, 1, 1, 0
0x7fbe80342c12, 1, 0, 0, 0x7fbe80342e27, 1
0x7fbe93897a80, 1, 0, 1
0x7fbe93897a94, 1, 1, 0
0x7fbe80342c50, 1, 0, 0
0x7fbe80342bdb, 1, 1, 0
0x7fbe93897c1a, 1, 0, 0
0x7fbe93897a03, 1, 1, 0
0x7fbe80342bd6, 1, 0, 1
0x7fbe80342ba6, 1, 0, 0
0x7fbe93897be0, 1, 0, 1
0x7fbe93897bed, 1, 0, 1
0x7fbe93897bfd, 1, 0, 0
0x7fbe93897b25, 1, 1, 0
0x7fbe80342b91, 1, 0, 1
0x7fbe9389e3b8, 1, 0, 1
0x7fbe938940dc, 1, 0, 0
0x7fbe938940ce, 1, 0, 1
0x7fbe938984a8, 1, 0, 1
0x7fbe938984b5, 1, 1, 0
0x7fbe80342b80, 1, 0, 1
0x7fbe938940c1, 1, 0, 1
0x7fbe938940b9, 1, 0, 0
0x7fbe93898614, 1, 0, 0
0x7fbe93898638, 1, 0, 0
0x7fbe938982c4, 1, 0, 0
0x7fbe93898326, 1, 0, 1
0x7fbe93898338, 1, 1, 0
0x7fbe80342e12, 1, 0, 0
0x7fbe93898393, 1, 1, 0
0x7fbe80342dfc, 1, 0, 1
0x7fbe80342de0, 1, 0, 1
0x7fbe8031ffdb, 1, 0, 0
0x7fbe938940a4, 1, 1, 0
0x7fbe938983d5, 1, 0, 1
0x7fbe938951df, 1, 0, 0
0x7fbe8031ffd0, 1, 0, 1
0x7fbe9389409b, 1, 1, 0
0x7fbe9389408e, 1, 0, 1
0x7fbe8031ff90, 1, 1, 0
0x55bcc060c040, 1, 0, 0, 0x7fbe8031ff90, 1
0x7fbe938983a9, 1, 0, 1
0x7fbe938983c8, 1, 1, 0
0x7fbe93898401, 1, 0, 1
0x7fbe9389840b, 1, 0, 0
0x7fbe93894075, 1, 1, 0
0x7fbe9389213a, 1, 0, 0, 0x55bcc060c040, 1
0x7fbe93894069, 1, 0, 1
0x7fbe938951f2, 1, 0, 0
0x7fbe938b462a, 1, 0, 0, 0x7fbe938a588f, 1
0x7fbe938a2bf8, 1, 0, 0
0x7fbe938b462a, 1, 0, 0, 0x7fbe93898429, 1
0x7fbe93898429, 1, 1, 0
0x7fbe938a2bf0, 1, 0, 1
0x7fbe938a2ba3, 1, 0, 0, 0x7fbe938a2ca1, 1
0x7fbe93898c04, 1, 0, 0
0x7fbe93898c23, 1, 1, 0
0x7fbe938a2b9a, 1, 0, 1
0x7fbe938986c9, 1, 0, 1
0x7fbe938986de, 1, 0, 1
0x7fbe938986f0, 1, 0, 1
0x7fbe93898701, 1, 0, 0
0x7fbe9389874b, 1, 0, 1
0x7fbe93898751, 1, 0, 0
0x7fbe8031fb44, 1, 0, 0, 0x7fbe938a2b9a, 1
0x7fbe93894060, 1, 1, 0
0x7fbe8031fb0d, 1, 0, 1
0x7fbe8031fb08, 1, 0, 1
0x7fbe93894054, 1, 1, 0
0x7fbe8031fad5, 1, 1, 0
0x7fbe93898760, 1, 1, 0
0x7fbe8031fad0, 1, 0, 1
0x7fbe9389877a, 1, 0, 1
0x7fbe9389878a, 1, 0, 1
0x7fbe93898796, 1, 0, 0
0x7fbe8031fc85, 1, 1, 0
0x7fbe938987a3, 1, 0, 1
0x7fbe938987a8, 1, 0, 1
0x7fbe938987b2, 1, 0, 1
0x7fbe938987c0, 1, 0, 1
0x7fbe938987ce, 1, 0, 1
0x7fbe938987dc, 1, 0, 1
0x7fbe938987ea, 1, 0, 1
0x7fbe938987fb, 1, 0, 1
0x7fbe9389880c, 1, 0, 1
0x7fbe9389881d, 1, 0, 1
0x7fbe9389882e, 1, 0, 1
0x7fbe93898839, 1, 0, 1
0x7fbe93898841, 1, 0, 1
0x7fbe93898854, 1, 0, 1
0x7fbe93898861, 1, 1, 0
0x7fbe9389887a, 1, 1, 0
0x7fbe8031fc70, 1, 1, 0
0x7fbe8031fc6b, 1, 0, 1
0x7fbe93898887, 1, 0, 1
0x7fbe93898890, 1, 1, 0
0x7fbe8031fe63, 1, 1, 0
0x7fbe93898ead, 1, 0, 0
0x7fbe938988cd, 1, 1, 0
0x7fbe8031fe5c, 1, 0, 1
0x7fbe8031fe0e, 1, 1, 0
0x7fbe938988e4, 1, 1, 0
0x7fbe8031fdc1, 1, 1, 0
0x7fbe8031fda1, 1, 0, 0
0x7fbe938988f3, 1, 1, 0
0x7fbe8031fd7e, 1, 0, 1
0x7fbe8031fd73, 1, 0, 1
0x7fbe93898908, 1, 0, 1
0x7fbe93898919, 1, 0, 1
0x7fbe9389893c, 1, 0, 1
0x7fbe93898949, 1, 0, 0
0x7fbe93898960, 1, 0, 1
0x7fbe93898968, 1, 0, 1
0x7fbe93898975, 1, 0, 1
0x7fbe93898999, 1, 0, 0
0x7fbe938989a1, 1, 0, 1
0x7fbe938989a7, 1, 1, 0
0x7fbe8031fc13, 1, 1, 0
0x7fbe93898a0a, 1, 0, 1
0x7fbe93898a19, 1, 0, 1
0x7fbe93898a38, 1, 0, 1
0x7fbe93898a46, 1, 0, 1
0x7fbe93898a51, 1, 0, 1
0x7fbe93898a65, 1, 0, 0
0x7fbe938a5360, 1, 0, 1
0x7fbe938a5374, 1, 0, 0, 0x7fbe93898a6a, 1
0x7fbe93898a6a, 1, 0, 0
0x7fbe9389403d, 1, 1, 0
0x7fbe9389e1bc, 1, 0, 0, 0x7fbe93892160, 1
0x7fbe93898a7e, 1, 1, 0
0x7fbe8031fc0d, 1, 0, 1
0x7fbe8031fc30, 1, 0, 0
0x7fbe938980d5, 1, 0, 0, 0x7fbe9389b61b, 1
0x7fbe9389b61b, 1, 0, 0
0x7fbe93894031, 1, 0, 1
0x7fbe9389401f, 1, 0, 1
0x7fbe93894018, 1, 0, 1
0x7fbe93893ffd, 1, 1, 0
0x7fbe93893fed, 1, 0, 1
0x7fbe93893fe1, 1, 0, 1
0x7fbe8031fc28, 1, 0, 1
0x7fbe938a09fb, 1, 0, 1
0x7fbe938a0a18, 1, 0, 1
0x7fbe93893fcd, 1, 1, 0
0x7fbe93893fc0, 1, 0, 1
0x7fbe93893fb3, 1, 0, 1
0x7fbe93893fa6, 1, 0, 1
0x7fbe938a0712, 1, 0, 0
0x7fbe93893f9d, 1, 0, 1
0x7fbe8031fd21, 1, 0, 0
0x7fbe8031fd17, 1, 0, 1
0x7fbe938a07b3, 1, 0, 0
0x7fbe93893f90, 1, 1, 0
0x7fbe93893138, 1, 1, 0
0x7fbe9389314b, 1, 0, 1
0x7fbe93893f88, 1, 0, 1
0x7fbe93893159, 1, 1, 0
0x7fbe93893187, 1, 0, 1
0x7fbe8031fbda, 1, 0, 0
0x7fbe8031fbcc, 1, 0, 1
0x7fbe938a0f2c, 1, 0, 0
0x7fbe938b00b0, 1, 1, 0
0x7fbe8031fbc5, 1, 0, 1
0x7fbe8031fbaf, 1, 0, 1
0x7fbe938b00d3, 1, 1, 0
0x7fbe8031fba3, 1, 0, 1
0x7fbe803b8488, 1, 1, 0
0x7fbe938b0108, 1, 0, 0, 0x7fbe938a0f40, 1
0x7fbe938a0f40, 1, 0, 1
0x7fbe938a0f48, 1, 0, 0
0x7fbe938b3c50, 1, 1, 0
0x7fbe803b847e, 1, 1, 0
0x7fbe938931a9, 1, 0, 1
0x7fbe938b3d60, 1, 0, 0, 0x7fbe9389a7b9, 1
0x7fbe9389a7b9, 1, 0, 1
0x7fbe9389a7be, 1, 0, 0, 0x7fbe938a0864, 1
0x7fbe9389b4e9, 1, 1, 0
0x7fbe8031fb95, 1, 0, 0
0x7fbe803b83e5, 1, 1, 0
0x7fbe938a0a22, 1, 1, 0
0x7fbe938931b0, 1, 0, 1
0x7fbe938a072f, 1, 0, 1
0x7fbe938a073b, 1, 0, 0
0x7fbe938a0759, 1, 0, 0
0x7fbe938a076c, 1, 1, 0
0x7fbe938931cd, 1, 0, 1
0x7fbe938a0bcb, 1, 1, 0
0x7fbe938931de, 1, 0, 1
0x7fbe938a0be0, 1, 0, 1
0x7fbe938a0bea, 1, 0, 1
0x7fbe938a0bf4, 1, 1, 0
0x7fbe938a0c37, 1, 0, 0
0x7fbe938a0c4a, 1, 0, 1
0x7fbe938a0c56, 1, 0, 1
0x7fbe938a0c86, 1, 1, 0
0x7fbe93893f77, 1, 1, 0
0x7fbe938a0cb1, 1, 0, 1
0x7fbe938a0cbe, 1, 0, 1
0x7fbe938a0cce, 1, 1, 0
0x7fbe938931e8, 1, 0, 1
0x7fbe938931ea, 1, 1, 0
0x7fbe938a0e6b, 1, 0, 0
0x7fbe938a0e81, 1, 0, 0
0x7fbe93894e31, 1, 0, 0
0x7fbe93894e21, 1, 0, 1
0x7fbe93892fdb, 1, 0, 0
0x7fbe93894e11, 1, 0, 1
0x7fbe8031fb88, 1, 0, 0
0x7fbe93894dd6, 1, 1, 0
0x7fbe93892ffe, 1, 0, 0
0x7fbe93893f25, 1, 0, 0
0x7fbe93893f19, 1, 0, 1
0x7fbe93893f0c, 1, 0, 1
0x7fbe938aa38c, 1, 0, 1
0x7fbe938aa392, 1, 0, 1
0x7fbe93893eff, 1, 0, 1
0x7fbe938aa3be, 1, 0, 1
0x7fbe938aa3cb, 1, 0, 1
0x7fbe938aa3d1, 1, 0, 0
0x7fbe93893ee7, 1, 0, 1
0x7fbe93893ec0, 1, 0, 1
0x7fbe93893ebc, 1, 0, 1
0x7fbe93893ea2, 1, 0, 0
0x7fbe938aa38c, 1, 1, 0
0x7fbe938ad700, 1, 0, 1
0x7fbe93893e96, 1, 0, 1
0x7fbe938ad747, 1, 1, 0
0x7fbe93893e86, 1, 0, 1
0x7fbe938a0e91, 1, 1, 0
0x7fbe938ad751, 1, 0, 1
0x7fbe938a0ec7, 1, 1, 0
0x7fbe938ad780, 1, 0, 1
0x7fbe938a0edb, 1, 0, 1
0x7fbe938a0ee9, 1, 0, 0, 0x7fbe93895064, 1
0x7fbe93895064, 1, 0, 1
0x7fbe93895086, 1, 1, 0
0x7fbe803b8549, 1, 1, 0
0x7fbe93893e7d, 1, 0, 1
0x7fbe938950aa, 1, 0, 1
0x7fbe938950c8, 1, 0, 1
0x7fbe938950d5, 1, 0, 0
0x7fbe938950f7, 1, 1, 0
0x7fbe803b8538, 1, 0, 1
0x7fbe938ad81a, 1, 0, 0, 0x7fbe938ad8f8, 1
0x7fbe938950ea, 1, 0, 1
0x7fbe938950f7, 1, 0, 1
0x7fbe93895106, 1, 0, 1
0x7fbe93895122, 1, 1, 0
0x7fbe938ad8f8, 1, 1, 0
0x7fbe938ad840, 1, 1, 0
0x7fbe9389512f, 1, 0, 1
0x7fbe93895146, 1, 1, 0
0x7fbe938ad9c0, 1, 1, 0
0x7fbe93895154, 1, 0, 1
0x7fbe9389515d, 1, 1, 0
0x7fbe938ada30, 1, 1, 0
0x7fbe9389574b, 1, 0, 0
0x7fbe9389529c, 1, 0, 0
0x7fbe938aed90, 1, 0, 0, 0x7fbe93892db0, 1
0x7fbe93892db0, 1, 0, 0
0x7fbe938a4550, 1, 0, 1
0x7fbe938a4563, 1, 1, 0
0x7fbe938ad998, 1, 1, 0
0x7fbe938ada70, 1, 1, 0
0x7fbe938ada50, 1, 1, 0
0x7fbe93893e6d, 1, 1, 0
0x7fbe938ada10, 1, 1, 0
0x7fbe938ad948, 1, 1, 0
0x7fbe938ad828, 1, 1, 0
0x7fbe93893e3f, 1, 1, 0
0x7fbe93894880, 1, 0, 0
0x7fbe8031fb73, 1, 0, 0
0x7fbe8031fa80, 1, 1, 0
0x7fbe938a2b90, 1, 0, 0, 0x7fbe8031fa80, 1
0x7fbe93894df2, 1, 1, 0
0x7fbe93894858, 1, 0, 1
0x7fbe93893e2a, 1, 1, 0
0x7fbe93893e1e, 1, 0, 1
0x7fbe938a3f0d, 1, 0, 1
0x7fbe938a3f41, 1, 0, 1
0x7fbe938a3f51, 1, 0, 1
0x7fbe93893e12, 1, 0, 1
0x7fbe938a2b9a, 1, 1, 0
0x7fbe8031fa77, 1, 0, 0, 0x7fbe938a2b9a, 1
0x7fbe93894623, 1, 1, 0
0x7fbe8031fa67, 1, 0, 1
0x7fbe8031fa57, 1, 0, 1
0x7fbe93896018, 1, 0, 0
0x7fbe9389600b, 1, 0, 1
0x7fbe8031fa20, 1, 1, 0
0x7fbe938946ce, 1, 1, 0
0x7fbe938946b5, 1, 0, 1
0x7fbe938a2b82, 1, 0, 0, 0x7fbe8031fa20, 1
0x7fbe93894700, 1, 1, 0
0x7fbe938a4062, 1, 0, 0
0x7fbe938946a4, 1, 0, 0
0x7fbe938a2b68, 1, 0, 1
0x7fbe9389469a, 1, 0, 1
0x7fbe938a4263, 1, 0, 0
0x7fbe938a4294, 1, 1, 0
0x7fbe938a2b5c, 1, 0, 1
0x7fbe93894681, 1, 0, 1
0x7fbe93894670, 1, 0, 1
0x7fbe93894667, 1, 0, 1
0x7fbe93894661, 1, 0, 1
0x7fbe93894654, 1, 0, 1
0x7fbe80330500, 1, 0, 0, 0x7fbe938a2b5c, 1
0x7fbe8031ff45, 1, 0, 0
0x7fbe938945fb, 1, 0, 0
0x7fbe938a43a6, 1, 1, 0
0x7fbe8041b1c7, 1, 0, 0, 0x7fbe8031ff45, 1
0x7fbe938945e6, 1, 0, 1
0x7fbe803adbaa, 1, 0, 0, 0x7fbe8041b1c7, 1
0x7fbe938945db, 1, 0, 1
0x7fbe803adb9a, 1, 0, 1
0x7fbe9389478a, 1, 1, 0
0x7fbe803adaf0, 1, 0, 1
0x7fbe938a45b1, 1, 0, 0, 0x7fbe93892dcc, 1
0x7fbe938947fd, 1, 1, 0
0x7fbe803ad8c0, 1, 1, 0
0x7fbe8031e5e0, 1, 0, 0, 0x7fbe803ad8c0, 1
0x7fbe938947f0, 1, 0, 1
0x7fbe8041b1ba, 1, 0, 0
0x7fbe938947df, 1, 1, 0
0x7fbe938947c8, 1, 0, 1
0x7fbe8041b1a9, 1, 0, 1
0x7fbe8041b1a0, 1, 0, 1
0x7fbe8031ff27, 1, 0, 0
0x7fbe8031ff50, 1, 1, 0
0x7fbe8031ff00, 1, 1, 0
0x7fbe938a2b4b, 1, 0, 0, 0x7fbe8031ff00, 1
0x7fbe938ad920, 1, 1, 0
0x7fbe938a2cab, 1, 0, 0, 0x7fbe9389213a, 1
0x7fbe9389471e, 1, 1, 0
0x7fbe938ad9e8, 1, 0, 1
0x7fbe938ada02, 1, 0, 0
0x7fbe938a2bb0, 1, 1, 0
0x7fbe9389481a, 1, 1, 0
0x7fbe938a2b3e, 1, 0, 1
0x7fbe93893e08, 1, 0, 0, 0x7fbe9389481a, 1
0x7fbe93893e03, 1, 0, 1
0x7fbe93893dff, 1, 0, 1
0x7fbe938b18c0, 1, 1, 0
0x7fbe938ad850, 1, 0, 1
0x7fbe938ad855, 1, 0, 1
0x7fbe938a3ee0, 1, 1, 0
0x7fbe938a2c94, 1, 0, 0
0x7fbe938a2c73, 1, 0, 1
0x7fbe93892dcc, 1, 1, 0
0x7fbe938a2c65, 1, 0, 1
0x7fbe938a2c5b, 1, 1, 0
0x7fbe93892dd6, 1, 0, 0, 0x7fbe938aedc2, 1
0x7fbe938aedc2, 1, 0, 0, 0x7fbe938952d4, 1
0x7fbe938952d4, 1, 1, 0
0x7fbe938a2c20, 1, 0, 1
0x7fbe93892108, 1, 0, 0
0x7fbe93896fa8, 1, 0, 0
0x7fbe93892bf0, 1, 0, 1
0x7fbe93892c0d, 1, 0, 0
0x7fbe93892c1f, 1, 0, 1
0x7fbe93892c47, 1, 0, 1
0x7fbe93892c57, 1, 1, 0
0x7fbe93893dc2, 1, 0, 1
0x7fbe93892d0b, 1, 0, 0
0x7fbe93893d73, 1, 0, 1
0x7fbe93892c6c, 1, 1, 0
0x7fbe9389305c, 1, 0, 0, 0x7fbe93892108, 1
0x7fbe93892c87, 1, 0, 1
0x7fbe93892c90, 1, 0, 0
0x7fbe938a54d0, 1, 0, 1
0x7fbe938a54ec, 1, 0, 1
0x7fbe938a54f8, 1, 0, 1
0x7fbe938a5506, 1, 0, 0
0x7fbe938a556a, 1, 0, 1
0x7fbe938a5573, 1, 1, 0
0x7fbe9389304c, 1, 0, 1
0x7fbe938a5520, 1, 1, 0
0x7fbe938adc4b, 1, 0, 0, 0x7fbe9389304c, 1
0x7fbe938957bb, 1, 0, 0, 0x7fbe938adc4b, 1
0x7fbe938a554b, 1, 1, 0
0x7fbe938aaf80, 1, 0, 0, 0x7fbe938957bb, 1
0x7fbe938b0213, 1, 0, 0, 0x7fbe938aaf80, 1
0x7fbe938a55d8, 1, 0, 0, 0x7fbe93892c95, 1
0x7fbe93892c95, 1, 0, 0
0x7fbe938a56b0, 1, 0, 0
0x7fbe938a56d0, 1, 0, 1
0x7fbe938a56d9, 1, 0, 0
0x7fbe938a5725, 1, 0, 0
0x7fbe93893d66, 1, 0, 1
0x7fbe938a5728, 1, 0, 0
0x7fbe938a5744, 1, 0, 1
0x7fbe938a5749, 1, 0, 0, 0x7fbe93892c9a, 1
0x7fbe93892c9a, 1, 0, 1
0x7fbe93892ca2, 1, 0, 0
0x7fbe93892cc0, 1, 1, 0
0x7fbe938b020b, 1, 0, 1
0x7fbe93892cf2, 1, 0, 0, 0x7fbe93896fad, 1
0x7fbe93896fad, 1, 0, 0
0x7fbe938952ef, 1, 0, 1
0x7fbe938952f8, 1, 0, 1
0x7fbe9389533c, 1, 1, 0
0x7fbe93895757, 1, 0, 0
0x7fbe9389545e, 1, 0, 1
0x7fbe9389548c, 1, 0, 0
0x7fbe938ac510, 1, 0, 0
0x7fbe938abe10, 1, 0, 1
0x7fbe938abe43, 1, 1, 0
0x7fbe938b0200, 1, 0, 0
0x7fbe938ac040, 1, 0, 0, 0x7fbe9389549e, 1
0x7fbe9389549e, 1, 1, 0
0x7fbe938aaf70, 1, 0, 0
0x7fbe938954ee, 1, 1, 0
0x7fbe938aaf50, 1, 1, 0
0x7fbe938957b5, 1, 0, 0
0x7fbe93895702, 1, 1, 0
0x7fbe938a31e0, 1, 0, 0, 0x7fbe938957b5, 1
0x7fbe9389550a, 1, 1, 0
0x7fbe938957a6, 1, 0, 0
0x7fbe9389553a, 1, 1, 0
0x7fbe9389579d, 1, 0, 0
0x7fbe9389578f, 1, 0, 1
0x7fbe9389e1c4, 1, 0, 0, 0x7fbe93892160, 1
0x7fbe9389e200, 1, 0, 0
0x7fbe9389e1bc, 1, 0, 0, 0x7fbe93892160, 1
0x7fbe93893d3b, 1, 0, 0
0x7fbe93893d2f, 1, 0, 1
0x7fbe938ae020, 1, 0, 0, 0x7fbe9389578f, 1
0x7fbe9389e3d8, 1, 1, 0
0x7fbe9389e543, 1, 0, 0
0x7fbe9389ed1e, 1, 1, 0
0x7fbe9389578a, 1, 0, 0
0x7fbe9389e538, 1, 0, 1
0x7fbe93895c1e, 1, 0, 0
0x7fbe9389e36c, 1, 1, 0
0x7fbe9389e340, 1, 1, 0
0x7fbe9389eaa6, 1, 0, 1
0x7fbe9389eabb, 1, 0, 1
0x7fbe9389eacf, 1, 0, 1
0x7fbe9389eadd, 1, 0, 1
0x7fbe9389eaf8, 1, 0, 1
0x7fbe9389eb21, 1, 0, 1
0x7fbe9389eb52, 1, 0, 1
0x7fbe9389eb64, 1, 1, 0
0x7fbe9389e330, 1, 0, 1
0x7fbe9389eb90, 1, 1, 0
0x7fbe938b1640, 1, 1, 0
0x7fbe9389eb99, 1, 1, 0
0x7fbe938ad861, 1, 0, 1
0x7fbe938ad86b, 1, 0, 1
0x7fbe938ad876, 1, 0, 1
0x7fbe938ad884, 1, 0, 1
0x7fbe9389ee7f, 1, 0, 1
0x7fbe9389e2ef, 1, 1, 0
0x7fbe9389e2ef, 1, 1, 0
0x7fbe9389e2ea, 1, 0, 1
0x7fbe938ae4e7, 1, 0, 0, 0x7fbe9389e284, 1
0x7fbe9389ee6b, 1, 0, 1
0x7fbe9389ee5b, 1, 0, 1
0x7fbe938ae4dc, 1, 0, 1
0x7fbe938ae4c4, 1, 0, 1
0x7fbe938ae568, 1, 0, 0
0x7fbe9389ee52, 1, 0, 1
0x7fbe9389ee48, 1, 0, 1
0x7fbe9389ee01, 1, 0, 1
0x7fbe9389f812, 1, 0, 0
0x7fbe9389e270, 1, 0, 0
0x7fbe9389e5d9, 1, 0, 0
0x7fbe9389e5d4, 1, 0, 1
0x7fbe9389e5d0, 1, 0, 1
0x7fbe93893d13, 1, 0, 0
0x7fbe9389eb64, 1, 1, 0
0x7fbe93895bf4, 1, 0, 0
0x7fbe93893710, 1, 1, 0
0x7fbe9389577d, 1, 1, 0
0x7fbe938936fb, 1, 1, 0
0x7fbe938936eb, 1, 0, 1
0x7fbe93895769, 1, 0, 1
0x7fbe938956ae, 1, 1, 0
0x7fbe938936a4, 1, 1, 0
0x7fbe938a58ad, 1, 0, 0, 0x7fbe938956ae, 1
0x7fbe938ae408, 1, 0, 0, 0x7fbe938936a4, 1
0x7fbe938a589f, 1, 0, 1
0x7fbe938a588f, 1, 0, 1
0x7fbe938ae3e5, 1, 1, 0
0x7fbe938a587f, 1, 0, 0
0x7fbe938ae3c0, 1, 1, 0
0x7fbe938935e0, 1, 0, 0
0x7fbe938adc37, 1, 0, 0, 0x7fbe938935e0, 1
0x7fbe938a5865, 1, 0, 0
0x7fbe938adc29, 1, 0, 1
0x7fbe938a585c, 1, 0, 1
0x7fbe938a5845, 1, 0, 1
0x7fbe938adc19, 1, 0, 1
0x7fbe938a583c, 1, 0, 1
0x7fbe938aefd9, 1, 0, 0, 0x7fbe938adc19, 1
0x7fbe938a5807, 1, 0, 1
0x7fbe938a57f5, 1, 0, 1
0x7fbe938aefb4, 1, 1, 0
0x7fbe938aefaa, 1, 0, 1
0x7fbe938aef90, 1, 0, 1
0x7fbe938adc0b, 1, 0, 0
0x7fbe938a57e0, 1, 0, 1
0x7fbe938adc06, 1, 0, 0
0x7fbe938adbfa, 1, 0, 1
0x7fbe938adbf5, 1, 0, 1
0x7fbe938adbe6, 1, 0, 0
0x7fbe938adbd2, 1, 0, 0
0x7fbe938adbbe, 1, 0, 0
0x7fbe938a589f, 1, 1, 0
0x7fbe938a57b9, 1, 1, 0
0x7fbe938a57a0, 1, 0, 1
0x7fbe938addd8, 1, 1, 0
0x7fbe938a5780, 1, 0, 1
0x7fbe93895697, 1, 0, 0
0x7fbe938add78, 1, 1, 0
0x7fbe9389567f, 1, 1, 0
0x7fbe93895676, 1, 0, 1
0x7fbe93895720, 1, 1, 0
0x7fbe938adb9a, 1, 1, 0
0x7fbe938adb7f, 1, 0, 0
0x7fbe938adb64, 1, 0, 0
0x7fbe938adb55, 1, 0, 0
0x7fbe938ad896, 1, 0, 1
0x7fbe9389edc6, 1, 0, 1
0x7fbe938ad8a9, 1, 1, 0
0x7fbe9389c897, 1, 0, 0
0x7fbe938adb22, 1, 0, 0
0x7fbe9389c88a, 1, 0, 1
0x7fbe9389c442, 1, 0, 0, 0x7fbe9389c88a, 1
0x7fbe938adb16, 1, 0, 1
0x7fbe938adb0b, 1, 0, 1
0x7fbe9389c47b, 1, 0, 0
0x7fbe938adf60, 1, 0, 0
0x7fbe938ae007, 1, 0, 0
0x7fbe938adffd, 1, 0, 1
0x7fbe9389c471, 1, 0, 1
0x7fbe938adfd5, 1, 1, 0
0x7fbe938adfcf, 1, 0, 1
0x7fbe9389c468, 1, 0, 1
0x7fbe938b17ea, 1, 1, 0
0x7fbe938b1780, 1, 0, 1
0x7fbe938b1140, 1, 0, 1
0x7fbe938b1170, 1, 0, 1
0x7fbe938b11aa, 1, 1, 0
0x7fbe938ad8c6, 1, 0, 1
0x7fbe938ad8cd, 1, 0, 1
0x7fbe938ad8e4, 1, 0, 0
0x7fbe9389d5ea, 1, 0, 0
0x7fbe938b0d80, 1, 0, 1
0x7fbe938b0db0, 1, 0, 1
0x7fbe938b0dea, 1, 0, 1
0x7fbe938b0e22, 1, 0, 1
0x7fbe938b0e30, 1, 1, 0
0x7fbe938ada96, 1, 0, 0
0x7fbe938adfc1, 1, 1, 0
0x7fbe9389f738, 1, 1, 0
0x7fbe9389ea84, 1, 1, 0
0x7fbe9389ea6d, 1, 0, 1
0x7fbe938adf9a, 1, 1, 0
0x7fbe9389555a, 1, 0, 0
0x7fbe938a5e14, 1, 0, 0, 0x7fbe9389555a, 1
0x7fbe938a5e0f, 1, 0, 1
0x7fbe938adf2b, 1, 1, 0
0x7fbe938a5e07, 1, 0, 1
0x7fbe938adf24, 1, 0, 0
0x7fbe938adf04, 1, 0, 1
0x7fbe938adefd, 1, 0, 0
0x7fbe938adedd, 1, 0, 1
0x7fbe938aded6, 1, 0, 0
0x7fbe938adecd, 1, 0, 1
0x7fbe938adec4, 1, 0, 0
0x7fbe938ad524, 1, 0, 0, 0x7fbe938adec4, 1
0x7fbe938a5dd0, 1, 0, 0
0x7fbe9389554d, 1, 0, 0
0x7fbe93895544, 1, 0, 1
0x7fbe938ab050, 1, 0, 1
0x7fbe938ad404, 1, 1, 0
0x7fbe938ad3f8, 1, 0, 0
0x7fbe9389ebfc, 1, 1, 0
0x7fbe938ab073, 1, 0, 1
0x7fbe938ad3d7, 1, 0, 1
0x7fbe938ad3ce, 1, 0, 0
0x7fbe9389ec4f, 1, 1, 0
0x7fbe938ad3c5, 1, 0, 1
0x7fbe938ad37a, 1, 0, 1
0x7fbe938ad36d, 1, 0, 0
0x7fbe938ad360, 1, 0, 1
0x7fbe938adea8, 1, 0, 0
0x7fbe938adadc, 1, 1, 0
0x7fbe9389ec60, 1, 0, 1
0x7fbe9389ec65, 1, 0, 1
0x7fbe9389ec6a, 1, 0, 1
0x7fbe9389ec7b, 1, 0, 1
0x7fbe9389ec86, 1, 0, 0, 0x7fbe8039c480, 1
0x7fbe8039c480, 1, 0, 1
0x7fbe8039c49d, 1, 0, 1
0x7fbe8039c4b4, 1, 1, 0
0x7fbe938adad0, 1, 0, 1
0x7fbe938adabe, 1, 0, 1
0x7fbe938adaa2, 1, 0, 0
0x7fbe938aef5f, 1, 0, 0, 0x7fbe938adaa2, 1
0x7fbe9389eca2, 1, 0, 1
0x7fbe9389ecc1, 1, 0, 1
0x7fbe938aef53, 1, 0, 1
0x7fbe938aef4b, 1, 0, 1
0x7fbe8039b780, 1, 0, 1
0x7fbe8039b7b2, 1, 0, 1
0x7fbe8039b7c2, 1, 0, 0, 0x7fbe9389ec93, 1
0x7fbe9389ec93, 1, 1, 0
0x7fbe938ab089, 1, 0, 1
0x7fbe938ab096, 1, 0, 1
0x7fbe8039c7b0, 1, 0, 1
0x7fbe8039c7cb, 1, 0, 1
0x7fbe8039c7d6, 1, 1, 0
0x7fbe8039c7fb, 1, 0, 0, 0x7fbe9389ec93, 1
0x7fbe9389ec93, 1, 1, 0
0x7fbe938ab0a6, 1, 0, 1
0x7fbe938ab0ae, 1, 0, 1
0x7fbe8039b0a0, 1, 0, 1
0x7fbe8039b0d2, 1, 0, 1
0x7fbe8039b0e2, 1, 0, 0, 0x7fbe9389ec93, 1
0x7fbe9389ec93, 1, 1, 0
0x7fbe938ab0cb, 1, 1, 0
0x7fbe9389ece8, 1, 1, 0
0x7fbe8039b7e0, 1, 0, 0, 0x7fbe9389ec93, 1
0x7fbe9389ec93, 1, 1, 0
0x7fbe9389ecd2, 1, 0, 1
0x7fbe8039c4b4, 1, 1, 0
0x7fbe8039dc50, 1, 0, 0, 0x7fbe9389ec93, 1
0x7fbe9389ec93, 1, 1, 0
0x7fbe8039c49d, 1, 0, 1
0x7fbe8039c480, 1, 0, 1
0x7fbe938aef40, 1, 0, 0
0x7fbe938ada9b, 1, 0, 0
0x7fbe9389ec93, 1, 1, 0
0x7fbe8039c8eb, 1, 0, 0, 0x7fbe9389ec93, 1
0x7fbe803b8820, 1, 0, 0, 0x7fbe9389ec93, 1
0x7fbe9389ec93, 1, 1, 0
0x7fbe8039c8c6, 1, 1, 0
0x7fbe8039c8bb, 1, 0, 1
0x7fbe8039c5e0, 1, 0, 1
0x7fbe8039c5fd, 1, 0, 1
0x7fbe8039c614, 1, 1, 0
0x7fbe8039c630, 1, 0, 1
0x7fbe8039c636, 1, 0, 1
0x7fbe8039c63b, 1, 0, 0, 0x7fbe9389ec93, 1
0x7fbe9389ec93, 1, 1, 0
0x7fbe8039c8a0, 1, 0, 1
0x7fbe9389ec93, 1, 1, 0
0x7fbe8039c410, 1, 0, 1
0x7fbe8039c435, 1, 1, 0
0x7fbe8039dc90, 1, 0, 0, 0x7fbe9389ec93, 1
0x7fbe8039c459, 1, 0, 0, 0x7fbe9389ec93, 1
0x7fbe9389ec93, 1, 1, 0
0x7fbe803df13f, 1, 0, 0
0x7fbe9389ec93, 1, 1, 0
0x7fbe8039b710, 1, 0, 1
0x7fbe8039b742, 1, 0, 1
0x7fbe8039b74d, 1, 1, 0
0x7fbe8039b772, 1, 0, 0, 0x7fbe9389ec93, 1
0x7fbe9389ec93, 1, 1, 0
0x7fbe803b8d69, 1, 0, 0, 0x7fbe9389ec93, 1
0x7fbe803b8d45, 1, 1, 0
0x7fbe8039b150, 1, 0, 1
0x7fbe8039b182, 1, 0, 1
0x7fbe8039b192, 1, 0, 0, 0x7fbe9389ec93, 1
0x7fbe9389ec93, 1, 1, 0
0x7fbe803b8d20, 1, 0, 1
0x7fbe9389ec93, 1, 1, 0
0x7fbe8039c540, 1, 0, 1
0x7fbe8039c55d, 1, 0, 1
0x7fbe8039c574, 1, 1, 0
0x7fbe8039c5a0, 1, 0, 0, 0x7fbe9389ec93, 1
0x7fbe9389ec93, 1, 1, 0
0x7fbe8039c732, 1, 0, 0, 0x7fbe9389ec93, 1
0x7fbe8039c722, 1, 0, 1
0x7fbe938ab19a, 1, 0, 0, 0x7fbe938ada9b, 1
0x7fbe8039c6f0, 1, 0, 1
0x7fbe9389ec93, 1, 1, 0
0x7fbe8039c792, 1, 0, 0, 0x7fbe9389ec93, 1
0x7fbe938ab0d0, 1, 0, 1
0x7fbe8039c782, 1, 0, 1
0x7fbe8039c750, 1, 0, 1
0x7fbe9389ec93, 1, 1, 0
0x7fbe8039b230, 1, 0, 0, 0x7fbe9389ec93, 1
0x7fbe9389ec93, 1, 1, 0
0x7fbe8039bae0, 1, 0, 0, 0x7fbe9389ec93, 1
0x7fbe9389ec93, 1, 1, 0
0x7fbe8039c800, 1, 0, 1
0x7fbe8039c81b, 1, 0, 1
0x7fbe8039c826, 1, 1, 0
0x7fbe8039c84b, 1, 0, 0, 0x7fbe9389ec93, 1
0x7fbe9389ec93, 1, 1, 0
0x7fbe803b8930, 1, 0, 0, 0x7fbe9389ec93, 1
0x7fbe9389ec93, 1, 1, 0
0x7fbe8039b1d0, 1, 0, 1
0x7fbe8039b202, 1, 0, 1
0x7fbe8039b212, 1, 0, 0, 0x7fbe9389ec93, 1
0x7fbe9389ec93, 1, 1, 0
0x7fbe8039c3d0, 1, 0, 0, 0x7fbe9389ec93, 1
0x7fbe9389ec93, 1, 1, 0
0x7fbe8039c950, 1, 0, 1
0x7fbe8039c96d, 1, 0, 1
0x7fbe8039c984, 1, 1, 0
0x7fbe8039c9a0, 1, 0, 1
0x7fbe8039c9a6, 1, 0, 1
0x7fbe8039c9ab, 1, 0, 0, 0x7fbe9389ec93, 1
0x7fbe9389ec93, 1, 1, 0
0x7fbe8039c89b, 1, 0, 0, 0x7fbe9389ec93, 1
0x7fbe8039c876, 1, 1, 0
0x7fbe803b9f50, 1, 0, 1
0x7fbe803b9f82, 1, 0, 0, 0x7fbe9389ec93, 1
0x7fbe9389ec93, 1, 1, 0
0x7fbe8039c86b, 1, 0, 1
0x7fbe8039c850, 1, 0, 1
0x7fbe9389ec93, 1, 1, 0
0x7fbe803a4bb0, 1, 0, 0, 0x7fbe9389ec93, 1
0x7fbe9389ec93, 1, 1, 0
0x7fbe8039b630, 1, 0, 0, 0x7fbe9389ec93, 1
0x7fbe9389ec93, 1, 1, 0
0x7fbe8039b132, 1, 0, 0, 0x7fbe9389ec93, 1
0x7fbe803b8860, 1, 0, 0, 0x7fbe9389ec93, 1
0x7fbe9389ec93, 1, 1, 0
0x7fbe8039b100, 1, 0, 1
0x7fbe9389ec93, 1, 1, 0
0x7fbe8039b820, 1, 0, 0, 0x7fbe9389ec93, 1
